"period_end_date","2010-12","2011-03","2011-06","2011-09","2011-12","2012-03","2012-06","2012-09","2012-12","2013-03","2013-06","2013-09","2013-12","2014-03","2014-06","2014-09","2014-12","2015-03","2015-06","2015-09","2015-12","2016-03","2016-06","2016-09","2016-12","2017-03","2017-06","2017-09","2017-12","2018-03","2018-06","2018-09","2018-12","2019-03","2019-06","2019-09","2019-12","2020-03","2020-06","2020-09","2020-12","2021-03","2021-06","2021-09","2021-12","2022-03","2022-06","2022-09"
"revenue","","731","895","954","1131","1058","1184","1262","1585","1458","1813","2016","2586","2502","2910","3203","3851","3543","4042","4501","5841","5382","6436","7011","8809","8032","9321","10328","12972","11966","13231","13727","16914","15077","16886","17652","21082","17737","18687","21470","28072","26171","29077","29010","33671","27908","28822","27714"
"cogs","","167","210","236","247","277","367","322","397","413","465","507","491","462","473","565","652","654","668","720","824","838","917","987","1047","1159","1237","1448","1611","1927","2214","2418","2796","2816","3307","3155","3491","3459","3829","4194","5210","5131","5399","5771","6348","6005","5192","5716"
"gross_profit","","564","685","718","884","781","817","940","1188","1045","1348","1509","2095","2040","2437","2638","3199","2889","3374","3781","5017","4544","5519","6024","7762","6873","8084","8880","11361","10039","11017","11309","14118","12261","13579","14497","17591","14278","14858","17276","22862","21040","23678","23239","27323","21903","23630","21998"
"sga","","119","179","196","213","247","855","319","368","379","442","404","554","510","555","633","955","894","931","1051","1143","1191","1314","1365","1632","1712","1764","1706","2060","2352","2631","2871","3443","6084","5638","3764","4855","4370","4433","4473","4880","4465","5215","6500","7692","5672","6582","7164"
"rnd","","57","99","108","124","153","705","244","297","293","344","369","409","455","492","608","1111","1062","1170","1271","1314","1343","1471","1542","1563","1834","1919","2052","1949","2238","2523","2657","2855","2860","3315","3548","3878","4015","4462","4763","5207","5197","6096","6316","7046","7707","8690","9170"
"special_charges","","","","","","","","","","","","","","","","","","","","","","","","","","","","","","","","","","","","","","","","","","","","","","","",""
"other_opex","","","","","","","","","","","","","","","","","","","","","","","","","","","","","","","","","","","","","","","","","","","","","","","",""
"total_opex","","176","278","304","337","400","1560","563","665","672","786","773","963","965","1047","1241","2066","1956","2101","2322","2457","2534","2785","2907","3195","3546","3683","3758","4009","4590","5154","5528","6298","8944","8953","7312","8733","8385","8895","9236","10087","9662","11311","12816","14738","13379","15272","16334"
"operating_income","","388","407","414","547","381","-743","377","523","373","562","736","1132","1075","1390","1397","1133","933","1273","1459","2560","2010","2734","3117","4567","3327","4401","5122","7352","5449","5863","5781","7820","3317","4626","7185","8858","5893","5963","8040","12775","11378","12367","10423","12585","8524","8358","5664"
"net_interest_income_normal","","-7","-9","-10","-12","-13","-10","-11","-2","-10","-9","-16","-2","","","4","","2","5","7","14","27","32","50","56","67","91","108","126","145","143","176","187","198","219","258","229","228","162","146","136","118","121","120","102","76","91","77"
"other_nonoperating_income","","17","1","-25","-16","14","-12","6","-16","-10","-8","6","","","-4","-65","-19","-3","-5","-34","-17","29","-12","-3","-90","14","-4","6","-16","16","-138","-45","-36","-33","-13","-114","82","-260","6","-53","144","7","25","22","16","308","-263","-165"
"pretax_income","","398","399","379","519","382","-765","372","505","353","545","726","1130","1075","1386","1336","1114","932","1273","1432","2557","2066","2754","3164","4533","3408","4488","5236","7462","5610","5868","5912","7971","3482","4832","7329","9169","5861","6131","8133","13055","11503","12513","10565","12703","8908","8186","5576"
"income_tax","","-165","-159","-152","-217","-177","608","-431","-441","-134","-212","-301","-607","-433","-595","-530","-413","-420","-554","-536","-996","-328","-471","-537","-964","-344","-594","-529","-3193","-622","-762","-775","-1089","-1053","-2216","-1238","-1820","-959","-953","-287","-1836","-2006","-2119","-1371","-2418","-1443","-1499","-1181"
"net_income_continuing","","233","240","227","302","205","-157","-59","64","219","333","425","523","642","791","806","701","512","719","896","1561","1738","2283","2627","3569","3064","3894","4707","4269","4988","5106","5137","6882","2429","2616","6091","7349","4902","5178","7846","11219","9497","10394","9194","10285","7465","6687","4395"
"net_income_discontinued","","","","","","","","","","","","","","","","","","","","","","","","","","","","","","","","","","","","","","","","","","","","","","","",""
"income_allocated_to_minority_interest","","","","","","","","","","","","","","","","","","","","","","","","","","","","","","","","","","","","","","","","","","","","","","","",""
"other_income_statement_items","","","","","","","","","","","","","","","","","","","","","","","","","","","","","","","","","","","","","","","","","","","","","","","",""
"net_income","","233","240","227","302","205","-157","-59","64","219","333","425","523","642","791","806","701","512","719","896","1561","1738","2283","2627","3569","3064","3894","4707","4269","4988","5106","5137","6882","2429","2616","6091","7349","4902","5178","7846","11219","9497","10394","9194","10285","7465","6687","4395"
"preferred_dividends","","","","","","","","","","","","","","","","","","","","","","","","","","","","","","","","","","","","","","","","","","","","","","","",""
"net_income_available_to_shareholders","","233","240","227","302","205","-157","-59","64","219","333","425","523","642","791","806","701","512","719","896","1561","1738","2283","2627","3569","3064","3894","4707","4269","4988","5106","5137","6882","2429","2616","6091","7349","4902","5178","7846","11219","9497","10394","9194","10285","7465","6687","4395"
"eps_basic","","0.06","0.07000000000000001","0.06","0.15","0.06","-0.08","-0.02","0.03","0.09","0.14","0.17","0.21","0.25","0.31","0.31","0.25","0.18","0.26","0.32","0.55","0.61","0.8","0.91","1.24","1.06","1.34","1.62","1.47","1.72","1.76","1.78","2.4","0.85","0.92","2.13","2.58","1.72","1.82","2.75","3.94","3.34","3.67","3.27","3.72","2.74","2.47","1.64"
"eps_diluted","","0.06","0.06","0.06","0.14","0.06","-0.08","-0.02","0.03","0.09","0.13","0.17","0.2","0.25","0.3","0.3","0.25","0.18","0.25","0.31","0.54","0.6","0.78","0.9","1.21","1.04","1.32","1.59","1.44","1.69","1.74","1.76","2.38","0.85","0.91","2.12","2.56","1.71","1.8","2.71","3.88","3.3","3.61","3.22","3.67","2.72","2.46","1.64"
"shares_basic","2420","2456","2456","2456","2456","2138.085","1879","2420","2372","2386","2407","2430","2456","2545","2560","2587","2761","2784","2796","2808","2824","2843","2856","2871","2881","2891","2900","2904","2910","2906","2895","2885","2875","2856","2855","2854","2851","2851","2850","2850","2854","2847","2834","2814","2764","2725","2704","2682"
"shares_diluted","2517","2556","2556","2556","2556","2138.085","1879","2420","3012","2499","2502","2528","2556","2609","2615","2644","2808","2836","2850","2863","2868","2905","2921","2931","2946","2944","2951","2956","2962","2945","2930","2913","2891","2869","2875","2874","2879","2868","2879","2891","2903","2882","2877","2859","2808","2742","2713","2687"
"cash_and_equiv","1785","","","","1512","1282","2098","2478","2384","2325","3001","3100","3323","2998","4384","8999","4315","3419","5123","4308","4907","6456","5108","6038","8903","7104","6252","7201","8079","12082","11552","9637","10019","11076","13877","15979","19079","23618","21045","11617","17576","19513","16186","14496","16601","14886","12681","14308"
"st_investments","","","","","2396","2628","8090","7974","7242","7147","7251","6228","8126","9631","9572","5251","6884","8994","9002","11526","13527","14165","18185","20102","20546","25202","29200","31088","33632","31874","30757","31569","31095","34167","34719","36290","35776","36671","37195","44003","44378","44706","47894","43579","31397","29004","27808","27468"
"receivables","373","","","","547","482","1145","1202","1170","1085","782","879","1109","1006","1190","1363","1678","1508","1815","2010","2559","2348","2801","3070","3993","3415","3897","4424","5832","5115","5590","6058","7587","6475","7513","7673","9518","7289","7483","8024","11335","10276","11698","12088","14039","11390","11525","11227"
"inventories","","","","","","","","","","","","","","","","","","","","","","","","","","","","","","","","","","","","","","","","","","","","","","","",""
"other_current_assets","88","","","","149","627","634","631","471","485","387","342","512","425","411","502","513","1083","1011","1295","659","843","916","1118","959","1209","1455","1490","1020","1341","1934","1883","1779","1582","1852","2137","1852","1771","2407","2155","2381","2827","4919","5258","4629","3985","3973","5312"
"total_current_assets","2246","","","","4604","5019","11967","12285","11267","11042","11421","10549","13070","14060","15557","16115","13390","15004","16951","19139","21652","23812","27010","30328","34401","36930","40804","44203","48563","50412","49833","49147","50480","53300","57961","62079","66225","69349","68130","65799","75670","77322","80697","75421","66666","59265","55987","58315"
"equity_and_other_investments","","","","","","","","","","","","","","","","","","","","","","","","","","","","","","","","","","","","","86","","","6164","6234","6342","6393","6758","6775","6775","6536","6528"
"ppe_gross","820","","","","1925","2392","2734","3023","3273","3535","3591","3821","4142","4370","4794","5319","5784","6574","6916","7370","7819","8813","9756","10778","11803","13032","14668","16446","18337","21292","23918","27196","31573","41749","46023","50333","55446","58098","61517","65867","70399","74412","79169","83438","90044","95276","104152","110772"
"accumulated_depreciation","-246","","","","-450","-537","-629","-734","-882","-1002","-1014","-1136","-1260","-1296","-1460","-1616","-1817","-1955","-1961","-2035","-2132","-2346","-2652","-2879","-3212","-3570","-4040","-4288","-4616","-5081","-5561","-6084","-6890","-7657","-8752","-9646","-10663","-11612","-13082","-14137","-15418","-16490","-17735","-18649","-20080","-21453","-22434","-23393"
"ppe_net","574","","","","1475","1855","2105","2289","2391","2533","2577","2685","2882","3074","3334","3703","3967","4619","4955","5335","5687","6467","7104","7899","8591","9462","10628","12158","13721","16211","18357","21112","24683","34092","37271","40687","44783","46486","48435","51730","54981","57922","61434","64789","69964","73823","81718","87379"
"intangible_assets","59","","","","80","107","709","833","801","847","869","847","883","842","815","1317","3929","3774","3605","3437","3246","3067","2879","2702","2535","2360","2186","2050","1884","1735","1573","1451","1294","1150","994","853","894","838","859","744","623","505","514","365","634","910","965","875"
"goodwill","37","","","","82","82","100","590","587","654","762","762","839","840","857","2612","17981","18005","18025","18024","18026","18029","18043","18085","18122","18126","18129","18213","18221","18268","18263","18304","18301","18333","18334","18338","18715","18811","19029","19031","19050","19056","19219","19065","19197","19923","20229","20268"
"other_lt_assets","74","","","","90","121","47","41","57","87","95","90","221","212","206","441","699","605","594","534","796","700","703","660","1312","1836","2096","2374","2135","2319","2265","2438","2576","2602","2446","2461","2673","2887","3238","2969","2758","2376","2352","3187","2751","3522","4344","5529"
"total_assets","2990","","","","6331","7184","14928","16038","15103","15163","15724","14933","17895","19028","20769","24188","39966","42007","44130","46469","49407","52075","55739","59674","64961","68714","73843","78998","84524","88945","90291","92452","97334","109477","117006","124418","133376","138371","139691","146437","159316","163523","170609","169585","165987","164218","169779","178894"
"accounts_payable","29","","","","63","129","43","59","65","75","55","36","87","85","146","120","176","129","139","149","196","149","130","260","302","170","323","383","380","593","419","590","820","604","655","860","1363","829","920","1106","1331","878","973","2195","4083","3246","4008","3871"
"tax_payable","","","","","","","","","","","","","","","","","","","","","","","","","155","","","","340","","","","491","","","","624","","","","2038","","","","1256","","",""
"current_accrued_liabilities","137","","","","","337","441","409","46","430","505","453","87","525","666","709","164","1300","1472","1338","192","1389","1770","2018","331","2400","2626","2503","685","4003","3720","4255","1531","7980","10878","10877","7080","12446","8496","8684","3036","9411","11510","13158","4646","15226","15420","16036"
"st_debt","","","","","","","","","","","","","","","","","","","","","201","","","","","","","","","","","","500","","","","","","","","","","","","","","",""
"current_deferred_revenue","42","","","","90","93","85","85","30","30","32","36","38","38","53","48","66","55","49","47","56","55","79","78","90","80","88","105","98","94","91","115","147","142","198","225","269","247","264","379","382","382","391","464","561","520","532","514"
"current_deferred_tax_liability","","","","","","","","","","","","","","","","","","","","","","","","","","","","","","","","","","","","","","","","","","","","","","","",""
"other_current_liabilities","75","","","","467","178","153","155","546","190","172","171","649","188","176","208","904","189","182","241","1273","216","232","239","1997","278","278","314","2257","396","440","502","3528","537","560","590","4917","712","729","800","7171","1006","949","909","9462","935","982","975"
"total_current_liabilities","389","","","","899","1039","1034","1080","1052","1063","1080","984","1100","1037","1214","1234","1424","1746","1881","1792","1925","1809","2211","2595","2875","2928","3315","3305","3760","5086","4670","5462","7017","9908","12979","13328","15053","15069","11308","11944","14981","12717","14874","17812","21135","21086","22217","22687"
"lt_debt","250","","","","","","","","1500","1500","1500","","","","","","","","","","","","","","","","","","","","","","","","","","","","","","","","","","","","","9922"
"noncurrent_capital_leases","117","","","","398","404","394","530","491","420","351","287","237","191","153","129","119","113","110","109","107","","","","","","","","","","","","","6565","7122","8356","9524","9509","9633","9641","9631","10574","10956","11554","12746","12894","14792","14687"
"pension_liabilities","","","","","","","","","","","","","","","","","","","","","","","","","","","","","","","","","","","","","","","","","","","","","","","",""
"noncurrent_deferred_revenue","","","","","","","","","","","","","47","","","","769","","","","","","","","","","","","50","","","","673","","","","","","","","","","","","","","",""
"other_lt_liabilities","72","","","","135","144","191","254","305","356","444","614","1041","1063","1056","1587","1558","2647","2687","3148","3157","3116","3145","2964","2892","3598","4047","4485","6367","6239","6239","6648","5517","6488","8143","8735","7745","8489","8303","7121","6414","6575","6552","6859","7227","7010","7003","7504"
"total_liabilities","828","","","","1432","1587","1619","1864","3348","3339","3375","1885","2425","2291","2423","2950","3870","4506","4678","5049","5189","4925","5356","5559","5767","6526","7362","7790","10177","11325","10909","12110","13207","22961","28244","30419","32322","33067","29244","28706","31026","29866","32382","36225","41108","40990","44012","54800"
"common_stock","","","","","","","","","","","","","","","","","","","","","","","","","","","","","","","","","","","","","","","","","","","","","","","",""
"preferred_stock","615","","","","615","","","","","","","","","","","","","","","","","","","","","","","","","","","","","","","","","","","","","","","","","","",""
"retained_earnings","606","","","","1606","1171","1654","1595","1659","1878","2211","2636","3159","3801","4592","5398","6099","6611","7330","8226","9787","11297","13352","15731","21670","24175","27560","31209","33990","36780","38237","38767","41981","43764","44968","49789","55692","59160","62784","68513","77345","82343","85097","79233","69761","67712","69249","67056"
"aoci","-6","","","","-6","-7","-29","-6","2","-15","-29","13","14","15","-5","-109","-228","-447","-357","-380","-455","-276","-374","-372","-703","-626","-370","-200","-227","-294","-687","-777","-760","-781","-483","-849","-489","-544","-142","308","927","154","285","-207","-693","-1996","-3411","-5054"
"apic","947","","","","2684","4433","11684","12585","10094","9961","10167","10399","12297","12921","13759","15949","30225","31337","32479","33574","34886","36129","37405","38756","38227","38639","39291","40199","40584","41134","41832","42352","42906","43533","44277","45059","45851","46688","47805","48910","50018","51160","52845","54334","55811","57512","59929","62092"
"treasury_stock","","","","","","","","","","","","","","","","","","","","","","","","","","","","","","","","","","","","","","","","","","","","","","","",""
"other_equity","","","","","","","","","","","","","","","","","","","","","","","","","","","","","","","","","","","","","","","","","","","","","","","",""
"minority_interest_liability","","","","","","","","","","","","","","","","","","","","","","","","","","","","","","","","","","","","","","","","","","","","","","","",""
"total_equity","2162","","","","4899","5597","13309","14174","11755","11824","12349","13048","15470","16737","18346","21238","36096","37501","39452","41420","44218","47150","50383","54115","59194","62188","66481","71208","74347","77620","79382","80342","84127","86516","88762","93999","101054","105304","110447","117731","128290","133657","138227","133360","124879","123228","125767","124094"
"total_liabilities_and_equity","2990","","","","6331","7184","14928","16038","15103","15163","15724","14933","17895","19028","20769","24188","39966","42007","44130","46469","49407","52075","55739","59674","64961","68714","73843","78998","84524","88945","90291","92452","97334","109477","117006","124418","133376","138371","139691","146437","159316","163523","170609","169585","165987","164218","169779","178894"
"cfo_net_income","","233","240","227","302","205","-157","-59","64","219","333","425","523","642","791","806","701","512","719","896","1561","1738","2283","2627","3569","3064","3895","4706","4269","4988","5105","5137","6882","2429","2616","6091","7349","4902","5179","7846","11219","9497","10395","9193","10285","7465","6687","4395"
"cfo_da","","51","72","97","103","110","139","176","224","233","230","274","274","264","257","289","433","457","459","486","543","552","585","591","614","671","729","772","853","949","1034","1107","1225","1355","1502","1416","1468","1597","1704","1698","1863","1972","1986","1995","2014","2156","1979","2175"
"cfo_receivables","","27","-55","-44","-102","65","-672","-50","487","54","-116","-83","-233","105","-187","-182","-346","84","-282","-207","-568","267","-492","-253","-1011","609","-386","-458","-1374","788","-627","-489","-1564","1070","-1006","-328","-1697","2046","-122","-377","-3059","849","-1366","-555","-2038","2557","-522","-105"
"cfo_inventory","","","","","","","","","","","","","","","","","","","","","","","","","","","","","","","","","","","","","","","","","","","","","","","",""
"cfo_prepaid_expenses","","-26","-200","113","89","-33","26","31","-489","-1","429","5","-78","-4","14","-55","-78","-43","-47","-55","1","-107","-150","-57","155","-365","-212","-57","442","-365","-533","9","199","84","-252","-359","574","-29","-324","264","224","-461","-1852","-253","816","573","-435","-831"
"cfo_other_working_capital","","52","19","117","45","14","142","25","-45","37","132","27","503","12","209","39","211","213","333","692","663","345","717","323","1021","291","269","242","2886","584","22","665","-216","3171","4444","1034","515","667","-4511","175","2323","-1797","1328","2191","3838","-389","1400","1504"
"cfo_change_in_working_capital","","53","-236","186","32","46","-504","6","-47","90","445","-51","192","113","36","-198","-213","254","4","430","96","505","75","13","165","535","-329","-273","1954","1007","-1138","185","-1581","4325","3186","347","-608","2684","-4957","62","-512","-1409","-1890","1383","2616","2741","443","568"
"cfo_deferred_tax","","69","272","35","-406","-24","-350","-60","248","-7","26","2","-58","-1","-33","4","-180","-223","-66","-383","-123","-77","-101","-23","-256","-84","26","-94","-225","-47","101","29","203","183","1","174","-395","477","213","-1506","-376","418","229","-786","748","-563","-453","-1097"
"cfo_stock_comp","","7","64","70","76","103","1106","179","184","170","224","239","273","274","314","353","845","694","763","757","746","746","817","824","831","867","1032","1010","814","955","1186","1039","972","1010","1303","1249","1274","1335","1695","1722","1784","1830","2549","2378","2407","2498","3352","3134"
"cfo_other_noncash_items","","-68","-283","-50","403","1","6","8","8","14","64","61","27","-7","-24","-6","1866","6","1","6","1725","13","6","4","7","5","7","6","6","8","10","1","-83","6","8","30","-5","6","43","7","62","-66","-22","-73","34","-221","188","517"
"cf_cfo","","345","129","565","510","441","240","250","681","719","1322","950","1231","1285","1341","1248","3452","1700","1880","2192","4548","3477","3665","4036","4930","5058","5360","6127","7671","7860","6298","7498","7618","9308","8616","9307","9083","11001","3877","9829","14040","12242","13247","14090","18104","14076","12196","9692"
"cfi_ppe_net","","-153","-132","-136","-185","-453","-413","-171","-198","-327","-268","-284","-483","-363","-469","-482","-517","-502","-549","-780","-692","-1132","-995","-1095","-1269","-1271","-1444","-1755","-2263","-2812","-3460","-3342","-4301","-3837","-3633","-3532","-4100","-3558","-3255","-3689","-4613","-4272","-4612","-4314","-5277","-5315","-7528","-9355"
"cfi_acquisitions_net","","-1","-3","-1","-19","-25","-550","-336","","-99","-122","-16","-131","","-19","-735","-4221","-257","-25","-27","-4","-1","-19","-61","-42","","-8","-98","-16","","","","","-50","-3","-71","-445","","","","","","-259","-71","-568","-853","-363","-34"
"cfi_investment_net","","","-1893","-851","-284","-241","-5485","117","735","94","-105","1034","-1905","-1508","68","4326","-1643","-2108","-11","-2526","-2055","-576","-3998","-1969","-643","-4631","-4010","-1892","-2717","1575","1092","-830","637","-2881","-313","-1508","509","-476","-338","-6875","-470","-600","-3264","4199","11844","1399","939","-328"
"cfi_intangibles_net","","","","","","","","","","","","","","","","","","","","","","","","","","","","","","","","","","","","","","","","","","","","","","","",""
"cfi_other","","1","-4","193","445","-1","-2","1","-2","6","-3","","-15","-1","-2","-112","-235","23","21","33","25","33","41","8","-74","-18","-4","16","-7","-50","-16","-75","-21","","-61","61","","-75","-585","-6035","-90","-2","-60","-144","-170","-10","-7","16"
"cf_cfi","","-153","-2032","-795","-43","-720","-6450","-389","535","-326","-498","734","-2534","-1872","-422","2997","-6616","-2844","-564","-3300","-2726","-1676","-4971","-3117","-2028","-5920","-5466","-3729","-5003","-1287","-2384","-4247","-3685","-6768","-4010","-5050","-4036","-4109","-4178","-16599","-5173","-4874","-8195","-330","5829","-4779","-6959","-9701"
"cff_common_stock_net","","998","","","","","","","","","","","","","","","","","","","","","","","","-228","-150","-640","-958","-1774","-3349","-4256","-3500","-613","-1145","-1148","-1296","-1250","-1368","-1725","-1929","-3939","-7079","-13458","-20061","-9506","-5233","-6354"
"cff_pfd_net","","","","","","","","","","","","","","","","","","","","","","","","","","","","","","","","","","","","","","","","","","","","","","","",""
"cff_debt_net","","-279","-53","-46","117","-9","-52","35","1361","-109","-91","-1591","-100","-84","-66","-49","-44","-47","-37","-23","-12","-312","","","","","","","","","","","500","-302","-84","-285","-104","-180","-46","-196","-158","-201","-70","-219","-173","-213","-298","9567"
"cff_dividend_paid","","","","","","","","","","","","","","","","","","","","","","","","","","","","","","","","","","","","","","","","","","","","","","","",""
"cff_other","","79","308","60","14","59","7092","472","-2675","-335","-58","-8","1625","346","536","487","-1424","418","379","338","-1155","2","4","-8","4","-764","-719","-891","-885","-829","-922","-901","-541","-508","-602","-586","-626","-592","-738","-990","-1120","-1045","-1400","-1575","-1508","-941","-1032","-1066"
"cf_cff","","798","255","14","131","50","7040","507","-1314","-444","-149","-1599","1525","262","470","438","-1468","371","342","315","-1167","-310","4","-8","4","-992","-869","-1531","-1843","-2603","-4271","-5157","-3541","-1423","-1831","-2019","-2026","-2022","-2152","-2911","-3207","-5185","-8549","-15252","-21742","-10660","-6563","2147"
"ebitda","","439","479","511","650","491","-604","553","747","606","792","1010","1406","1339","1647","1686","1566","1390","1732","1945","3103","2562","3319","3708","5181","3998","5130","5894","8205","6398","6897","6888","9045","4672","6128","8601","10326","7490","7667","9738","14638","13350","14353","12418","14599","10680","10337","7839"
"capex","","-153","-132","-136","-185","-453","-413","-171","-198","-327","-268","-284","-483","-363","-469","-482","-517","-502","-549","-780","-692","-1132","-995","-1095","-1269","-1271","-1444","-1755","-2263","-2812","-3460","-3342","-4301","-3837","-3633","-3532","-4100","-3558","-3255","-3689","-4613","-4272","-4612","-4314","-5277","-5315","-7528","-9355"
"fcf","","192","-3","429","325","-12","-173","79","483","392","1054","666","748","922","872","766","2935","1198","1331","1412","3856","2345","2670","2941","3661","3787","3916","4372","5408","5048","2838","4156","3317","5471","4983","5775","4983","7443","622","6140","9427","7970","8635","9776","12827","8761","4668","337"
"book_value","1547","","","","4284","5597","13309","14174","11755","11824","12349","13048","15470","16737","18346","21238","36096","37501","39452","41420","44218","47150","50383","54115","59194","62188","66481","71208","74347","77620","79382","80342","84127","86516","88762","93999","101054","105304","110447","117731","128290","133657","138227","133360","124879","123228","125767","124094"
"tangible_book_value","1451","","","","4122","5408","12500","12751","10367","10323","10718","11439","13748","15055","16674","17309","14186","15722","17822","19959","22946","26054","29461","33328","38537","41702","46166","50945","54242","57617","59546","60587","64532","67033","69434","74808","81445","85655","90559","97956","108617","114096","118494","113930","105048","102395","104573","102951"
"roa","","0.62","","","0.32","0.14","0.05","0.02","","","0.04","0.07000000000000001","0.09","0.1","0.12","0.12","0.09","0.07000000000000001","0.06","0.06","0.08","0.1","0.12","0.14","0.16","0.17","0.18","0.2","0.19","0.21","0.21","0.21","0.23","0.19","0.15","0.15","0.14","0.15","0.17","0.18","0.19","0.21","0.23","0.24","0.23","0.23","0.2","0.17"
"roe","","0.86","","","0.41","0.19","0.06","0.02","","0.01","0.05","0.08","0.11","0.12","0.14","0.14","0.1","0.08","0.07000000000000001","0.07000000000000001","0.09","0.11","0.13","0.16","0.18","0.19","0.2","0.22","0.22","0.24","0.24","0.24","0.27","0.23","0.19","0.2","0.19","0.2","0.22","0.22","0.24","0.26","0.29","0.3","0.3","0.3","0.27","0.23"
"roic","","0.74","","","0.38","0.17","0.06","0.02","","","0.04","0.08","0.1","0.12","0.13","0.14","0.1","0.08","0.07000000000000001","0.07000000000000001","0.09","0.11","0.13","0.16","0.18","0.19","0.2","0.22","0.22","0.24","0.24","0.24","0.27","0.22","0.18","0.18","0.17","0.19","0.2","0.2","0.22","0.24","0.27","0.27","0.28","0.27","0.24","0.2"
"roce","","1.19","","","0.65","0.3","0.06","0.04","0.04","0.04","0.13","0.15","0.18","0.2","0.23","0.23","0.16","0.12","0.11","0.11","0.13","0.15","0.17","0.19","0.21","0.21","0.23","0.24","0.26","0.27","0.28","0.28","0.28","0.24","0.21","0.21","0.21","0.22","0.22","0.22","0.23","0.26","0.29","0.31","0.32","0.3","0.27","0.23"
"rotce","","1.24","","","0.67","0.31","0.06","0.04","0.04","0.04","0.14","0.17","0.2","0.22","0.25","0.27","0.28","0.28","0.24","0.22","0.25","0.26","0.28","0.3","0.32","0.32","0.32","0.33","0.35","0.36","0.37","0.37","0.36","0.3","0.26","0.26","0.25","0.26","0.26","0.26","0.27","0.3","0.33","0.35","0.36","0.35","0.32","0.27"
"gross_margin","","0.77","0.77","0.75","0.78","0.74","0.6899999999999999","0.74","0.75","0.72","0.74","0.75","0.8100000000000001","0.82","0.84","0.82","0.83","0.82","0.83","0.84","0.86","0.84","0.86","0.86","0.88","0.86","0.87","0.86","0.88","0.84","0.83","0.82","0.83","0.8100000000000001","0.8","0.82","0.83","0.8","0.8","0.8","0.8100000000000001","0.8","0.8100000000000001","0.8","0.8100000000000001","0.78","0.82","0.79"
"ebitda_margin","","0.6","0.54","0.54","0.57","0.46","-0.51","0.44","0.47","0.42","0.44","0.5","0.54","0.54","0.57","0.53","0.41","0.39","0.43","0.43","0.53","0.48","0.52","0.53","0.59","0.5","0.55","0.57","0.63","0.53","0.52","0.5","0.53","0.31","0.36","0.49","0.49","0.42","0.41","0.45","0.52","0.51","0.49","0.43","0.43","0.38","0.36","0.28"
"operating_margin","","0.53","0.45","0.43","0.48","0.36","-0.63","0.3","0.33","0.26","0.31","0.37","0.44","0.43","0.48","0.44","0.29","0.26","0.31","0.32","0.44","0.37","0.42","0.44","0.52","0.41","0.47","0.5","0.57","0.46","0.44","0.42","0.46","0.22","0.27","0.41","0.42","0.33","0.32","0.37","0.46","0.43","0.43","0.36","0.37","0.31","0.29","0.2"
"pretax_margin","","0.54","0.45","0.4","0.46","0.36","-0.65","0.29","0.32","0.24","0.3","0.36","0.44","0.43","0.48","0.42","0.29","0.26","0.31","0.32","0.44","0.38","0.43","0.45","0.51","0.42","0.48","0.51","0.58","0.47","0.44","0.43","0.47","0.23","0.29","0.42","0.43","0.33","0.33","0.38","0.47","0.44","0.43","0.36","0.38","0.32","0.28","0.2"
"net_income_margin","","0.32","0.27","0.24","0.27","0.19","-0.13","-0.05","0.04","0.15","0.18","0.21","0.2","0.26","0.27","0.25","0.18","0.14","0.18","0.2","0.27","0.32","0.35","0.37","0.41","0.38","0.42","0.46","0.33","0.42","0.39","0.37","0.41","0.16","0.15","0.35","0.35","0.28","0.28","0.37","0.4","0.36","0.36","0.32","0.31","0.27","0.23","0.16"
"fcf_margin","","0.26","","0.45","0.29","-0.01","-0.15","0.06","0.3","0.27","0.58","0.33","0.29","0.37","0.3","0.24","0.76","0.34","0.33","0.31","0.66","0.44","0.41","0.42","0.42","0.47","0.42","0.42","0.42","0.42","0.21","0.3","0.2","0.36","0.3","0.33","0.24","0.42","0.03","0.29","0.34","0.3","0.3","0.34","0.38","0.31","0.16","0.01"
"assets_to_equity","1.38","","","","1.29","1.28","1.12","1.13","1.28","1.28","1.27","1.14","1.16","1.14","1.13","1.14","1.11","1.12","1.12","1.12","1.12","1.1","1.11","1.1","1.1","1.1","1.11","1.11","1.14","1.15","1.14","1.15","1.16","1.27","1.32","1.32","1.32","1.31","1.26","1.24","1.24","1.22","1.23","1.27","1.33","1.33","1.35","1.44"
"equity_to_assets","0.72","","","","0.77","0.78","0.89","0.88","0.78","0.78","0.79","0.87","0.86","0.88","0.88","0.88","0.9","0.89","0.89","0.89","0.89","0.91","0.9","0.91","0.91","0.91","0.9","0.9","0.88","0.87","0.88","0.87","0.86","0.79","0.76","0.76","0.76","0.76","0.79","0.8","0.8100000000000001","0.82","0.8100000000000001","0.79","0.75","0.75","0.74","0.6899999999999999"
"debt_to_equity","0.17","","","","0.08","0.07000000000000001","0.03","0.04","0.17","0.16","0.15","0.02","0.02","0.01","0.01","0.01","","","","","0.01","","","","","","","","","","","","0.01","0.08","0.08","0.09","0.09","0.09","0.09","0.08","0.08","0.08","0.08","0.09","0.1","0.1","0.12","0.2"
"debt_to_assets","0.12","","","","0.06","0.06","0.03","0.03","0.13","0.13","0.12","0.02","0.01","0.01","0.01","0.01","","","","","0.01","","","","","","","","","","","","0.01","0.06","0.06","0.07000000000000001","0.07000000000000001","0.07000000000000001","0.07000000000000001","0.07000000000000001","0.06","0.06","0.06","0.07000000000000001","0.08","0.08","0.09","0.14"
"revenue_per_share","","0.29","0.35","0.37","0.44","0.49","0.63","0.52","0.53","0.58","0.72","0.8","1.01","0.96","1.11","1.21","1.37","1.25","1.42","1.57","2.04","1.85","2.2","2.39","2.99","2.73","3.16","3.49","4.38","4.06","4.52","4.71","5.85","5.26","5.87","6.14","7.32","6.18","6.49","7.43","9.67","9.08","10.11","10.15","11.99","10.18","10.62","10.31"
"ebitda_per_share","","0.17","0.19","0.2","0.25","0.23","-0.32","0.23","0.25","0.24","0.32","0.4","0.55","0.51","0.63","0.64","0.5600000000000001","0.49","0.61","0.68","1.08","0.88","1.14","1.27","1.76","1.36","1.74","1.99","2.77","2.17","2.35","2.36","3.13","1.63","2.13","2.99","3.59","2.61","2.66","3.37","5.04","4.63","4.99","4.34","5.2","3.89","3.81","2.92"
"operating_income_per_share","","0.15","0.16","0.16","0.21","0.18","-0.4","0.16","0.17","0.15","0.22","0.29","0.44","0.41","0.53","0.53","0.4","0.33","0.45","0.51","0.89","0.6899999999999999","0.9399999999999999","1.06","1.55","1.13","1.49","1.73","2.48","1.85","2","1.98","2.7","1.16","1.61","2.5","3.08","2.05","2.07","2.78","4.4","3.95","4.3","3.65","4.48","3.11","3.08","2.11"
"pretax_income_per_share","","0.16","0.16","0.15","0.2","0.18","-0.41","0.15","0.17","0.14","0.22","0.29","0.44","0.41","0.53","0.51","0.4","0.33","0.45","0.5","0.89","0.71","0.9399999999999999","1.08","1.54","1.16","1.52","1.77","2.52","1.9","2","2.03","2.76","1.21","1.68","2.55","3.18","2.04","2.13","2.81","4.5","3.99","4.35","3.7","4.52","3.25","3.02","2.08"
"fcf_per_share","","0.08","","0.17","0.13","-0.01","-0.09","0.03","0.16","0.16","0.42","0.26","0.29","0.35","0.33","0.29","1.05","0.42","0.47","0.49","1.34","0.8100000000000001","0.91","1","1.24","1.29","1.33","1.48","1.83","1.71","0.97","1.43","1.15","1.91","1.73","2.01","1.73","2.6","0.22","2.12","3.25","2.77","3","3.42","4.57","3.2","1.72","0.13"
"book_value_per_share","0.61","","","","1.68","2.62","7.08","5.86","3.9","4.73","4.94","5.16","6.05","6.42","7.02","8.029999999999999","12.85","13.22","13.84","14.47","15.42","16.23","17.25","18.46","20.09","21.12","22.53","24.09","25.1","26.36","27.09","27.58","29.1","30.16","30.87","32.71","35.1","36.72","38.36","40.72","44.19","46.38","48.05","46.65","44.47","44.94","46.36","46.18"
"tangible_book_per_share","0.58","","","","1.61","2.53","6.65","5.27","3.44","4.13","4.28","4.52","5.38","5.77","6.38","6.55","5.05","5.54","6.25","6.97","8","8.970000000000001","10.09","11.37","13.08","14.17","15.64","17.23","18.31","19.56","20.32","20.8","22.32","23.36","24.15","26.03","28.29","29.87","31.46","33.88","37.42","39.59","41.19","39.85","37.41","37.34","38.55","38.31"
"payout_ratio","","","","","","","","","","","","","","","","","","","","","","","","","","","","","","","","","","","","","","","","","","","","","","","",""
"revenue_growth","","","0.22","0.07000000000000001","","0.45","0.32","0.32","0.4","0.38","0.53","0.6","0.63","0.72","0.61","0.59","0.49","0.42","0.39","0.41","0.52","0.52","0.59","0.5600000000000001","0.51","0.49","0.45","0.47","0.47","0.49","0.42","0.33","0.3","0.26","0.28","0.29","0.25","0.18","0.11","0.22","0.33","0.48","0.5600000000000001","0.35","0.2","0.07000000000000001","-0.01","-0.04"
"gross_profit_growth","","","0.21","0.05","","0.38","0.19","0.31","0.34","0.34","0.65","0.61","0.76","0.95","0.8100000000000001","0.75","0.53","0.42","0.38","0.43","0.57","0.57","0.64","0.59","0.55","0.51","0.46","0.47","0.46","0.46","0.36","0.27","0.24","0.22","0.23","0.28","0.25","0.16","0.09","0.19","0.3","0.47","0.59","0.35","0.2","0.04","","-0.05"
"ebitda_growth","","","0.09","0.07000000000000001","","0.12","-2.26","0.08","0.15","0.23","2.31","0.83","0.88","1.21","1.08","0.67","0.11","0.04","0.05","0.15","0.98","0.84","0.92","0.91","0.67","0.5600000000000001","0.55","0.59","0.58","0.6","0.34","0.17","0.1","-0.27","-0.11","0.25","0.14","0.6","0.25","0.13","0.42","0.78","0.87","0.28","","-0.2","-0.28","-0.37"
"operating_income_growth","","","0.05","0.02","","-0.02","-2.83","-0.09","-0.04","-0.02","1.76","0.95","1.16","1.88","1.47","0.9","","-0.13","-0.08","0.04","1.26","1.15","1.15","1.14","0.78","0.66","0.61","0.64","0.61","0.64","0.33","0.13","0.06","-0.39","-0.21","0.24","0.13","0.78","0.29","0.12","0.44","0.93","1.07","0.3","-0.01","-0.25","-0.32","-0.46"
"pretax_income_growth","","","","-0.05","","-0.04","-2.92","-0.02","-0.03","-0.08","1.71","0.95","1.24","2.05","1.54","0.84","-0.01","-0.13","-0.08","0.07000000000000001","1.3","1.22","1.16","1.21","0.77","0.65","0.63","0.65","0.65","0.65","0.31","0.13","0.07000000000000001","-0.38","-0.18","0.24","0.15","0.68","0.27","0.11","0.42","0.96","1.04","0.3","-0.03","-0.23","-0.35","-0.47"
"net_income_growth","","","0.03","-0.05","","-0.12","-1.65","-1.26","-0.79","0.07000000000000001","3.12","8.199999999999999","7.17","1.93","1.38","0.9","0.34","-0.2","-0.09","0.11","1.23","2.39","2.18","1.93","1.29","0.76","0.71","0.79","0.2","0.63","0.31","0.09","0.61","-0.51","-0.49","0.19","0.07000000000000001","1.02","0.98","0.29","0.53","0.9399999999999999","1.01","0.17","-0.08","-0.21","-0.36","-0.52"
"eps_diluted_growth","","","0.03","-0.05","","0.07000000000000001","-2.29","-1.34","-0.79","0.41","2.63","9.5","5.67","1.78","1.31","0.76","0.25","-0.28","-0.17","0.03","1.16","2.33","2.12","1.9","1.24","0.73","0.6899999999999999","0.77","0.19","0.63","0.32","0.11","0.65","-0.5","-0.48","0.2","0.08","1.01","0.98","0.28","0.52","0.93","1.01","0.19","-0.05","-0.18","-0.32","-0.49"
"shares_diluted_growth","","0.02","","","0.02","-0.16","-0.26","-0.05","0.18","0.17","0.33","0.04","-0.15","0.04","0.05","0.05","0.1","0.09","0.09","0.08","0.02","0.02","0.02","0.02","0.03","0.01","0.01","0.01","0.01","","-0.01","-0.01","-0.02","-0.03","-0.02","-0.01","","","","0.01","0.01","","","-0.01","-0.03","-0.05","-0.06","-0.06"
"cash_and_equiv_growth","","-1","","","-0.15","","","","0.58","0.8100000000000001","0.43","0.25","0.39","0.29","0.46","1.9","0.3","0.14","0.17","-0.52","0.14","0.89","","0.4","0.8100000000000001","0.1","0.22","0.19","-0.09","0.7","0.85","0.34","0.24","-0.08","0.2","0.66","0.9","1.13","0.52","-0.27","-0.08","-0.17","-0.23","0.25","-0.06","-0.24","-0.22","-0.01"
"ppe_growth","","-1","","","1.57","","","","0.62","0.37","0.22","0.17","0.21","0.21","0.29","0.38","0.38","0.5","0.49","0.44","0.43","0.4","0.43","0.48","0.51","0.46","0.5","0.54","0.6","0.71","0.73","0.74","0.8","1.1","1.03","0.93","0.8100000000000001","0.36","0.3","0.27","0.23","0.25","0.27","0.25","0.27","0.27","0.33","0.35"
"total_assets_growth","","-1","","","1.12","","","","1.39","1.11","0.05","-0.07000000000000001","0.18","0.25","0.32","0.62","1.23","1.21","1.12","0.92","0.24","0.24","0.26","0.28","0.31","0.32","0.32","0.32","0.3","0.29","0.22","0.17","0.15","0.23","0.3","0.35","0.37","0.26","0.19","0.18","0.19","0.18","0.22","0.16","0.04","","","0.05"
"total_equity_growth","","-1","","","1.27","","","","1.4","1.11","-0.07000000000000001","-0.08","0.32","0.42","0.49","0.63","1.33","1.24","1.15","0.95","0.23","0.26","0.28","0.31","0.34","0.32","0.32","0.32","0.26","0.25","0.19","0.13","0.13","0.11","0.12","0.17","0.2","0.22","0.24","0.25","0.27","0.27","0.25","0.13","-0.03","-0.08","-0.09","-0.07000000000000001"
"cfo_growth","","","-0.63","3.38","","0.28","0.86","-0.5600000000000001","0.34","0.63","4.51","2.8","0.8100000000000001","0.79","0.01","0.31","1.8","0.32","0.4","0.76","0.32","1.05","0.95","0.84","0.08","0.45","0.46","0.52","0.5600000000000001","0.55","0.18","0.22","-0.01","0.18","0.37","0.24","0.19","0.18","-0.55","0.06","0.55","0.11","2.42","0.43","0.29","0.15","-0.08","-0.31"
"capex_growth","","","0.14","-0.03","","-1.96","-2.13","-0.26","-0.07000000000000001","0.28","0.35","-0.66","-1.44","-0.11","-0.75","-0.7","-0.07000000000000001","-0.38","-0.17","-0.62","-0.34","-1.25","-0.8100000000000001","-0.4","-0.83","-0.12","-0.45","-0.6","-0.78","-1.21","-1.4","-0.9","-0.9","-0.36","-0.05","-0.06","0.05","0.07000000000000001","0.1","-0.04","-0.13","-0.2","-0.42","-0.17","-0.14","-0.24","-0.63","-1.17"
"fcf_growth","","","-1.02","144","","-1.06","-56.67","-0.82","0.49","33.67","7.09","7.43","0.55","1.35","-0.17","0.15","2.92","0.3","0.53","0.84","0.31","0.96","1.01","1.08","-0.05","0.61","0.47","0.49","0.48","0.33","-0.28","-0.05","-0.39","0.08","0.76","0.39","0.5","0.36","-0.88","0.06","0.89","0.07000000000000001","12.88","0.59","0.36","0.1","-0.46","-0.97"
"shares_eop","2517","2556","2556","2556","2138.08","2138.08","2142","2166","2372","2411","2431","2453","2547","2564","2575","2608","2778","2806","2800","2814","2834","2850","2862","2877","2892","2893","2900","2906","2906","2902","2891","2873","2854","2856","2854","2854","2852","2851","2850","2850","2849","2841","2826","2793","2741","2714","2697","2687.55"
"dividends","","","","","","","","","","","","","","","","","","","","","","","","","","","","","","","","","","","","","","","","","","","","","","","",""
"price_to_earnings","","","","","","","115.45","161.22","1191.37","920.5","108.59","118.36","92.8","80.31999999999999","72.77","74.63","73.72","82.09999999999999","87.70999999999999","89.45","80.42","66.18000000000001","50.49","44.95","32.57","35.6","33.29","32.19","32.18","25.97","29.46","24.23","16.92","24.35","32.28","28.21","31.67","22.69","27.51","29.53","26.7","24.8","25.22","23.52","23.42","16.16","12.93","12.65"
"price_to_book","","","","","","","5.01","3.31","5.37","5.22","4.9","9.44","9","9.23","9.44","9.710000000000001","6","6.15","6.09","6.11","6.71","6.9","6.49","6.82","5.62","6.61","6.59","6.89","6.9","5.97","7.08","5.88","4.45","5.5","6.21","5.41","5.79","4.52","5.86","6.34","6.07","6.26","7.11","7.11","7.38","4.9","3.46","2.94"
"price_to_sales","","","","","","","15.4","10.12","12.41","11.24","9.890000000000001","17.93","17.68","17.32","17.3","18.4","17.39","17.08","16.41","15.87","16.55","16.45","14.76","14.96","12.04","13.57","13.2","13.44","12.61","10.4","11.58","9.1","6.7","8.08","8.800000000000001","7.64","8.279999999999999","6.48","8.609999999999999","9.449999999999999","9.050000000000001","8.859999999999999","9.380000000000001","8.44","7.82","5.04","3.64","3.09"
"price_to_tangible_book","","","","","","","5.33","3.68","6.09","5.97","5.64","10.77","10.12","10.26","10.39","11.91","15.28","14.67","13.48","12.67","12.93","12.48","11.1","11.07","8.630000000000001","9.85","9.48","9.619999999999999","9.449999999999999","8.050000000000001","9.43","7.8","5.8","7.1","7.93","6.79","7.19","5.55","7.15","7.62","7.16","7.33","8.289999999999999","8.32","8.779999999999999","5.89","4.16","3.54"
"price_to_fcf","","","","","","","117.08","214.23","167.49","78.97","30.12","47.48","48.67","45.56","54.01","62.31","39.44","39.98","38.55","36.79","38.04","36.36","31.81","31.24","28.64","31.47","30.61","31.16","29.33","24.74","31.8","27.08","24.36","30.17","30.73","26","27.6","20.51","34.38","38.9","32.93","34.64","30.54","26.47","23.51","15.09","12.07","13.71"
"market_cap","","","","","","","66616.2","46915.56","63142.64","61673.38","60483.28","123214.19","139193.55","154455.36","173271.75","206136.32","216739.56","230709.32","240156","252978.6","296606.44","325185","327069.36","369032.79","332724.6","410950.65","437842","490329.38","512792.76","463710.58","561779.12","472493.58","374130.86","476066.64","550822","508240.32","585373","475546.8","647149.5","746415","778232.84","836759.73","982628.46","947916.27","921935.35","603485.04","434891.25","364646.784"
"period_end_price","","","","","","","31.1","21.66","26.62","25.58","24.88","50.23","54.65","60.24","67.29000000000001","79.04000000000001","78.02","82.22","85.77","89.90000000000001","104.66","114.1","114.28","128.27","115.05","142.05","150.98","168.73","176.46","159.79","194.32","164.46","131.09","166.69","193","178.08","205.25","166.8","227.07","261.9","273.16","294.53","347.71","339.39","336.35","222.36","161.25","135.68"
