"period_end_date","2003-08","2003-11","2004-02","2004-05","2004-08","2004-11","2005-02","2005-05","2005-08","2005-11","2006-02","2006-05","2006-08","2006-11","2007-02","2007-05","2007-08","2007-11","2008-02","2008-05","2008-08","2008-11","2009-02","2009-05","2009-08","2009-11","2010-02","2010-05","2010-08","2010-11","2011-02","2011-05","2011-08","2011-11","2012-02","2012-05","2012-08","2012-11","2013-02","2013-05","2013-08","2013-11","2014-02","2014-05","2014-08","2014-11","2015-02","2015-05","2015-08","2015-11","2016-02","2016-05","2016-08","2016-11","2017-02","2017-05","2017-08","2017-11","2018-02","2018-05","2018-08","2018-11","2019-02","2019-05","2019-08","2019-11","2020-02","2020-05","2020-08","2020-11","2021-02","2021-05","2021-08","2021-11","2022-02","2022-05","2022-08"
"revenue","3024.9","2837.1","2904","3487.1","3561.8","3148.3","3308.2","3721.4","3862","3474.7","3612.8","4005.4","4194.1","3821.7","3926.9","4383.2","4655.1","4339.5","4544.4","5088","5432.2","4590.1","4440.8","4713","4799","4405","4733","5077","5175","4842","5079","5021","6081","5546","5656","6236","6474","5955","6187","6697","6971","6431","6972","7425","7982","7380","7460","7779","8414","7686","8032","8244","9061","8180","8432","8677","9070","8554","8984","9789","9948","9374","9611","10184","10660","10326","10104","6313","10594","11243","10357","12344","12248","11357","10871","12234","12687"
"cogs","1723.4","1637.5","1682.1","1958.4","1976","1760.2","1849.4","2038.7","2113.9","1963.3","2038.7","2252","2344.9","2164.6","2191.7","2464.2","2568.1","2418.4","2496.5","2756.6","2870.1","2540.1","2492.3","2669.2","2583","2445","2515","2671","2741","2649","2752","2773","3388","3170","3171","3567","3646","3425","3451","3757","3839","3605","3869","4040","4261","4053","4034","4186","4419","4185","4343","4458","4938","4564","4682","4854","5108","4876","5046","5411","5551","5269","5272","5551","5789","5782","5631","3960","5853","6396","5638","6689","6552","6144","5804","6731","7072"
"gross_profit","1301.5","1199.6","1221.9","1528.7","1585.8","1388.1","1458.8","1682.7","1748.1","1511.4","1574.1","1753.4","1849.2","1657.1","1735.2","1919","2087","1921.1","2047.9","2331.4","2562.1","2050","1948.5","2043.8","2216","1960","2218","2406","2434","2193","2327","2248","2693","2376","2485","2669","2828","2530","2736","2940","3132","2826","3103","3385","3721","3327","3426","3593","3995","3501","3689","3786","4123","3616","3750","3823","3962","3678","3938","4378","4397","4105","4339","4633","4871","4544","4473","2353","4741","4847","4719","5655","5696","5213","5067","5503","5615"
"sga","869.6","902.5","892","1037.9","1073.6","973.2","1035.7","1139.2","1104.4","1054.7","1086.6","1232.1","1289.7","1223.7","1243.3","1272","1434.7","1429.5","1403.2","1686.3","1856.4","1546.8","1352.1","1394.3","1546","1479","1563","1738","1673","1611","1637","1440","1823","1731","1708","1910","2059","1836","1863","2038","2058","2091","2169","2448","2480","2438","2379","2595","2577","2560","2566","2766","2897","2505","2496","2665","2856","2768","2767","3120","3063","3142","3091","3406","3328","3324","3283","3191","2975","3267","3041","3742","3572","3759","3438","4035","3920"
"rnd","","","","","","","","","","","","","","","","","","","","","","","","","","","","","","","","","","","","","","","","","","","","","","","","","","","","","","","","","","","","","","","","","","","","","","","","","","","","",""
"special_charges","","","","","","","","","","","","","","","","","","","","","","","","","","","","","","","","","","","","","","","","","","","","","","","","","","","","","","","","","","","","","","","","","","","","","","","","","","","","",""
"other_opex","","","","","","","","","","","","","","","","","","","","","","","","","","","","","","","","","","","","","","","","","","","","","","","","","","","","","","","","","","","","","","","","","","","","","","","","","","","","",""
"total_opex","869.6","902.5","892","1037.9","1073.6","973.2","1035.7","1139.2","1104.4","1054.7","1086.6","1232.1","1289.7","1223.7","1243.3","1272","1434.7","1429.5","1403.2","1686.3","1856.4","1546.8","1352.1","1394.3","1546","1479","1563","1738","1673","1611","1637","1440","1823","1731","1708","1910","2059","1836","1863","2038","2058","2091","2169","2448","2480","2438","2379","2595","2577","2560","2566","2766","2897","2505","2496","2665","2856","2768","2767","3120","3063","3142","3091","3406","3328","3324","3283","3191","2975","3267","3041","3742","3572","3759","3438","4035","3920"
"operating_income","431.9","297.1","329.9","490.8","512.2","414.9","423.1","543.5","643.7","456.7","487.5","521.3","559.5","433.4","491.9","647","652.3","491.6","644.7","645.1","705.7","503.2","596.4","649.5","670","481","655","668","761","582","690","808","870","645","777","759","769","694","873","902","1074","735","934","937","1241","889","1047","998","1418","941","1123","1020","1226","1111","1254","1158","1106","910","1171","1258","1334","963","1248","1227","1543","1220","1190","-838","1766","1580","1678","1913","2124","1454","1629","1468","1695"
"net_interest_income_normal","","","","","","","","","","","","","","","","","","","","","","5","-3","-2.6","-1","-2","-1","-2","1","-1","","-4","","-3","","-1","3","1","2","-3","-8","-8","-9","-8","-9","-9","-6","-4","-4","-5","-5","-5","-7","-15","-19","-18","-16","-13","-13","-12","-11","-14","-12","-12","-15","-12","-12","-50","-65","-70","-64","-63","-57","-55","-53","-40","-13"
"other_nonoperating_income","-31.3","-22.4","-22.7","-23.3","-6.7","-11.9","-9.699999999999999","-5.6","16.3","7.1","19.1","-10.1","16.3","13.9","26.1","11.8","18","24","24","3.2","8.5","12.4","-358","-160.6","12","12","8","17","-7","28","17","-13","-18","-10","10","-37","28","17","-17","-13","-28","-13","-45","-17","-3","-2","5","58","31","34","17","58","62","18","88","28","-18","-18","1","-31","-53","48","55","28","33","41","-297","84","14","-54","22","4","39","102","94","-54","146"
"pretax_income","400.6","274.7","307.2","467.5","505.5","403","413.4","537.9","660","463.8","506.6","511.2","575.8","447.3","518","658.8","670.3","515.6","668.7","648.3","714.2","520.6","235.4","486.3","681","491","662","683","755","609","707","791","852","632","787","721","800","712","858","886","1038","714","880","912","1229","878","1046","1052","1445","970","1135","1073","1281","1114","1323","1168","1072","879","1159","1215","1270","997","1291","1243","1561","1249","881","-804","1715","1456","1636","1854","2106","1501","1670","1374","1828"
"income_tax","-139.4","-95.59999999999999","-106.9","-162.5","-178.7","-141.1","-140","-188.4","-227.7","-162.7","-180.8","-178.4","-198.6","-121.7","-167.2","-220.9","-100.6","-156.2","-204.9","-157.8","-203.7","-129.6","8.4","-144.9","-168","-116","-165","-161","-196","-152","-184","-158","-207","-152","-218","-174","-215","-191","-196","-203","-259","-180","-198","-214","-267","-223","-255","-187","-266","-185","-185","-227","-32","-272","-182","-160","-122","-112","-2080","-78","-178","-150","-190","-254","-194","-134","-34","14","-197","-205","-187","-345","-232","-164","-274","65","-360"
"net_income_continuing","261.2","179.1","200.3","305","326.8","261.9","273.4","349.5","432.3","301.1","325.8","332.8","377.2","325.6","350.8","437.9","569.7","359.4","463.8","490.5","510.5","391","243.8","341.4","513","375","497","522","559","457","523","633","645","480","569","547","585","521","662","683","779","534","682","698","962","655","791","865","1179","785","950","846","1249","842","1141","1008","950","767","-921","1137","1092","847","1101","989","1367","1115","847","-790","1518","1251","1449","1509","1874","1337","1396","1439","1468"
"net_income_discontinued","","","","","","","","","","","","","","","","","","","","","","","","","","","","","","","","","","-11","-9","-10","-18","-137","204","-28","","","","","","","","","","","","","","","","","","","","","","","","","","","","","","","","","","","","",""
"income_allocated_to_minority_interest","","","","","","","","","","","","","","","","","","","","","","","","","","","","","","","","","","","","","","","","","","","","","","","","","","","","","","","","","","","","","","","","","","","","","","","","","","","","",""
"other_income_statement_items","","","","","","","","","","","","","","","","","","","","","","","","","","","","","","","","","","","","","","","","","","","","","","","","","","","","","","","","","","","","","","","","","","","","","","","","","","","","",""
"net_income","261.2","179.1","200.3","305","326.8","261.9","273.4","349.5","432.3","301.1","325.8","332.8","377.2","325.6","350.8","437.9","569.7","359.4","463.8","490.5","510.5","391","243.8","341.4","513","375","497","522","559","457","523","594","645","469","560","537","567","384","866","655","779","534","682","698","962","655","791","865","1179","785","950","846","1249","842","1141","1008","950","767","-921","1137","1092","847","1101","989","1367","1115","847","-790","1518","1251","1449","1509","1874","1337","1396","1439","1468"
"preferred_dividends","","","","","","","","","","","","","","","","","","","","","","","","","","","","","","","","","","","","","","","","","","","","","","","","","","","","","","","","","","","","","","","","","","","","","","","","","","","","",""
"net_income_available_to_shareholders","261.2","179.1","200.3","305","326.8","261.9","273.4","349.5","432.3","301.1","325.8","332.8","377.2","325.6","350.8","437.9","569.7","359.4","463.8","490.5","510.5","391","243.8","341.4","513","375","497","522","559","457","523","594","645","469","560","537","567","384","866","655","779","534","682","698","962","655","791","865","1179","785","950","846","1249","842","1141","1008","950","767","-921","1137","1092","847","1101","989","1367","1115","847","-790","1518","1251","1449","1509","1874","1337","1396","1439","1468"
"eps_basic","0.12","0.09","0.1","0.15","0.16","0.12","0.13","0.17","0.21","0.15","0.08","0.08","0.09","0.08","0.09","0.48","0.29","0.18","0.24","0.25","0.26","0.2","0.13","0.18","0.27","0.19","0.26","0.27","0.29","0.24","0.28","0.32","0.35","0.26","0.31","0.3","0.31","0.22","0.49","0.38","0.44","0.3","0.39","0.4","0.5600000000000001","0.38","0.46","0.51","0.6899999999999999","0.46","0.5600000000000001","0.5","0.75","0.51","0.6899999999999999","0.61","0.58","0.47","-0.57","0.71","0.6899999999999999","0.54","0.7","0.63","0.87","0.71","0.54","-0.51","0.97","0.8","0.92","0.96","1.18","0.84","0.88","0.91","0.9399999999999999"
"eps_diluted","0.12","0.08","0.09","0.14","0.15","0.12","0.13","0.16","0.2","0.14","0.08","0.08","0.09","0.08","0.09","0.47","0.28","0.18","0.23","0.25","0.26","0.2","0.13","0.18","0.26","0.19","0.25","0.26","0.29","0.24","0.27","0.31","0.34","0.25","0.3","0.29","0.31","0.21","0.48","0.37","0.43","0.3","0.38","0.39","0.55","0.37","0.45","0.49","0.67","0.45","0.55","0.49","0.73","0.5","0.68","0.6","0.57","0.46","-0.57","0.6899999999999999","0.67","0.52","0.68","0.62","0.86","0.7","0.53","-0.51","0.95","0.78","0.9","0.93","1.16","0.83","0.87","0.9","0.93"
"shares_basic","2110.707","2107.059","2108.421","2101.833","2108.387","2116.364","2103.077","2102.19","2083.373","2076.552","2080.567","2065.749","2005.65","2025.235","2015.197","2016.571","1998.947","1996.667","1973.617","1960.029","1948.8","1934.8","1936","1938.4","1943.2","1948.8","1937.6","1938.4","1918.4","1911.6","1901.2","1877.6","1860","1837","1830.2","1832.8","1811.2","1794","1787.8","1785","1778.8","1776","1764.6","1747.2","1729.8","1726.2","1722.9","1715.1","1709","1706.5","1693.8","1682","1672","1659.1","1653.1","1646.7","1639.1","1627","1623.5","1746.7","1594","1581.4","1572.8","1570.4","1562.4","1560.6","1556.3","1555.8","1561.8","1573","1578","1579.3","1581.9","1582.4","1579","1571.9","1567.1"
"shares_diluted","2132.245","2170.909","2165.405","2161.023","2160.661","2160","2165.545","2147.871","2148.075","2112.982","2118.123","2119.232","2005.65","2052.789","2037.101","2033.406","2034.643","2024.789","2016.522","2009.513","1979.6","1959.2","1952.4","1956.8","1966.4","1978","1969.2","1982.8","1954.4","1950.4","1942","1918","1897.2","1873.8","1869.2","1875","1811.2","1826.2","1823.4","1832.2","1821.4","1821.2","1809.6","1791.8","1772.4","1769.6","1767.7","1762.2","1754.5","1751.4","1737.3","1724.5","1708.9","1693.2","1686.3","1678.8","1676.9","1660.9","1623.5","1746.7","1634.4","1620.7","1609.6","1609.1","1597.5","1594.4","1591.6","1582.6","1593.3","1609.5","1616.9","1615.7","1619.6","1617.4","1610.7","1595.8","1585.8"
"cash_and_equiv","997.8","968.9","914.7","828","932.1","1181.8","1222.5","1388.1","1588.9","1134.5","1472.1","954.2","1030.7","1102.9","1879.2","1856.7","1973.9","2470.5","2242.4","2133.9","1625.6","1721.5","1892.1","2291.1","2260.6","2035.2","2225.2","3079.1","2010","1768","","1955","1608","1929","2021","2317","2165","2291","2557","3337","2936","2086","1864","2220","2303","2273","3015","3852","3246","3851","3044","3138","2659","4339","4021","3808","3413","4304","3662","4249","3282","3423","3695","4466","3446","3070","2863","8348","8148","8635","8516","9889","10720","10751","8704","8574","7226"
"st_investments","","","","400.8","365.4","476.2","418.3","436.6","304.2","920","535","1348.8","693.9","804.4","390.5","990.3","817.4","601","684.2","642.2","966.1","1008","712.1","1164","1369.2","1974.8","1813.7","2066.8","2678","3021","","2583","2092","1436","1176","1440","1102","1234","1485","2628","2642","3101","3165","2922","2276","2440","2346","2072","2162","2265","2062","2319","2128","1604","2139","2371","2106","2085","1089","996","987","618","351","197","198","432","319","439","1332","3177","4012","3587","2975","4352","4763","4423","4650"
"receivables","2085.5","2010.4","2033.9","2120.2","2175.7","2125.8","2304.9","2262.1","2390.6","2166.2","2351.6","2395.9","2569.1","2387.6","2532","2494.7","2774.1","2617.1","2775.5","2795.3","3035.4","2737.2","2892.4","2883.9","2835.3","2716.5","2833.8","2649.8","2791","2792","","3138","3279","3103","3296","3132","3431","3188","3232","3117","3207","3208","3355","3434","3587","3457","3294","3358","3288","3437","3368","3241","3526","3478","3752","3677","3871","3613","3792","3498","4330","4346","4549","4272","4656","4792","4473","2749","3813","3713","3669","4463","4341","3746","3827","4667","4960"
"inventories","1480.5","1592","1667.6","1650.2","1645.8","1692.4","1727","1811.1","1850.6","1892.7","2034.2","2076.7","2134.3","2167.2","2167.8","2121.9","2154.9","2223.7","2390.9","2438.4","2453.9","2419.1","2466.6","2357","2288.4","2176.3","2150.3","2040.8","2210","2348","","2715","3107","3164","3356","3222","3411","3318","3329","3484","3472","3695","3825","3947","4030","4150","4246","4337","4414","4600","4590","4838","4896","5033","4932","5055","5211","5326","5366","5261","5227","5388","5415","5622","5835","6199","5807","7367","6705","6090","6693","6854","6699","6506","7700","8420","9662"
"other_current_assets","484.4","449.5","583.4","529.4","502.1","574.5","526","453.2","532","583.1","651.8","583.4","571.1","747.5","670.6","612.9","621.2","775.1","811.7","829.5","863.6","1037.6","1035.4","1038","853.4","862.8","1065","1122.7","842","987","","906","953","1093","1083","1734","1027","1404","1186","1064","1361","1517","1201","1173","1344","1713","2306","1968","2128","2602","2192","1489","1380","1557","1361","1150","1591","1254","1446","1130","1675","1791","1786","1968","2093","1876","2282","1653","1939","1992","1810","1498","1655","1822","1968","2129","2379"
"total_current_assets","5048.2","5020.8","5199.6","5528.6","5621.1","6050.7","6198.7","6351.1","6666.3","6696.5","7044.7","7359","6999.1","7209.6","7640.1","8076.5","8341.5","8687.4","8904.700000000001","8839.299999999999","8944.6","8923.4","8998.6","9734","9606.9","9765.6","10088","10959.2","10531","10916","","11297","11039","10725","10932","11845","11136","11435","11789","13630","13618","13607","13410","13696","13540","14033","15207","15587","15238","16755","15256","15025","14589","16011","16205","16061","16192","16582","15355","15134","15501","15566","15796","16525","16228","16369","15744","20556","21937","23607","24700","26291","26390","27177","26962","28213","28877"
"equity_and_other_investments","","","","","","","","","","","","","","","","","","","","","","","","","","","","","","","","","","","","","","","","","","","","","","","","","","","","","","","","","","","","","","","","","","","","","","","","","","","","",""
"ppe_gross","2957","3082.1","3162.8","3183.4","3177","3294.5","3305.5","3179.2","3186.5","3216.6","3283.2","3408.3","3451.1","3548.4","3568.9","3619.1","3732.5","3907.8","4009.7","4103","4111","4109.4","4150.8","4255.7","4373.8","4502.5","4437.2","4389.8","4535","4641","","4906","5034","5064","5172","5057","5359","5310","5370","5500","2557","2645","2736","6220","2895","2927","2862","6352","3112","3235","3329","7038","3572","3566","3793","7958","4086","4117","4298","8891","4487","4588","4688","9469","7447","7550","7690","12758","8127","8045","8107","13174","7947","7829","7765","13023","7658"
"accumulated_depreciation","-1393.1","-1476.1","-1551.4","-1571.6","-1598.2","-1671","-1680","-1573.4","-1605.3","-1630.8","-1684.8","-1750.6","-1802.4","-1875.4","-1914.3","-1940.8","-2014.9","-2119.7","-2189.7","-2211.9","-2236.2","-2208.5","-2256.9","-2298","-2393","-2478.6","-2474.6","-2457.9","-2560","-2638","","-2791","-2868","-2887","-2967","-2848","-3068","-3052","-3110","-3048","","","","-3386","","","","-3341","","","","-3518","","","","-3969","","","","-4437","","","","-4725","","","","-4795","","","","-5157","","","","-5306",""
"ppe_net","1563.9","1606","1611.4","1611.8","1578.8","1623.5","1625.5","1605.8","1581.2","1585.8","1598.4","1657.7","1648.7","1673","1654.6","1678.3","1717.6","1788.1","1820","1891.1","1874.8","1900.9","1893.9","1957.7","1980.8","2023.9","1962.6","1931.9","1975","2003","","2115","2166","2177","2205","2209","2291","2258","2260","2452","2557","2645","2736","2834","2895","2927","2862","3011","3112","3235","3329","3520","3572","3566","3793","3989","4086","4117","4298","4454","4487","4588","4688","4744","7447","7550","7690","7963","8127","8045","8107","8017","7947","7829","7765","7717","7658"
"intangible_assets","183.6","500.8","500.7","501.7","545.1","543.2","538.6","541.5","540.1","539.3","541.5","405.5","407.5","406.7","406.1","409.9","409.5","409.7","384.4","743.1","712.4","650.2","460.7","467.4","471.2","472.5","468","467","470","469","","487","536","532","534","370","536","374","376","289","383","385","386","282","282","281","281","281","281","281","281","281","284","283","283","283","283","282","282","285","284","284","283","283","279","277","275","274","272","270","271","269","267","265","291","286","283"
"goodwill","","","","","","","","","","","","130.8","130.8","130.8","130.8","130.8","130.8","130.8","130.8","448.8","425.1","376.8","187.2","193.5","194.9","196.2","190.7","187.6","192","192","","205","204","201","202","131","202","131","131","131","131","131","131","131","131","131","131","131","131","131","131","131","139","139","139","139","139","139","139","154","154","154","154","154","224","224","223","223","223","223","242","242","242","242","284","284","282"
"other_lt_assets","222.9","248.9","292.6","266.6","307.9","340.9","289.3","295.2","328.1","322.5","333.6","316.6","384.4","402.1","387","392.8","414.1","438.6","548.3","520.4","637.9","783.4","715.3","897","936.8","900.2","867","873.6","883","884","","894","858","930","921","910","949","973","1059","1043","985","1052","1140","1651","1673","1795","2060","2587","2004","2181","1990","2422","2572","2653","2732","2787","2947","2935","2478","2509","2057","2085","2000","2011","2071","2182","2288","2326","2699","2691","2865","2921","3071","3404","3275","3821","3988"
"total_assets","7018.6","7376.5","7604.3","7908.7","8052.9","8558.299999999999","8652.1","8793.6","9115.700000000001","9144.1","9518.200000000001","9869.6","9570.5","9822.200000000001","10218.6","10688.3","11013.5","11454.6","11788.2","12442.7","12594.8","12634.7","12255.7","13249.6","13190.6","13358.4","13576.3","14419.3","14051","14464","","14998","14803","14565","14794","15465","15114","15171","15615","17545","17674","17820","17803","18594","18521","19167","20541","21597","20766","22583","20987","21379","21156","22652","23152","23259","23647","24055","22552","22536","22483","22677","22921","23717","26249","26602","26220","31342","33258","34836","36185","37740","37917","38917","38577","40321","41088"
"accounts_payable","520.1","533.1","567","780.4","688.8","650.7","684.2","843.9","768.5","797.1","785.8","952.2","867.7","880.3","800.9","1040.3","971.5","1053.5","1004.7","1287.6","1205.9","1124.1","952","1031.9","961.9","1008.7","994.7","1254.5","1101","1225","","1469","1421","1411","1298","1549","1551","1519","1241","1669","1559","1612","1480","1930","1970","2074","1821","2131","1933","1915","1714","2191","2088","2033","1938","2048","2116","2141","1961","2279","2333","2574","2307","2612","2716","2627","2221","2248","1983","2154","2257","2836","2135","2795","2770","3358","3371"
"tax_payable","","","","","","","","","","","","","","","","","","","","","","","","86.3","145.7","81.2","88","59.3","323","78","","117","362","272","59","234","113","283","359","276","422","231","233","636","482","283","270","243","293","233","207","244","278","271","265","280","340","352","322","374","444","486","442","463","490","521","516","156","297","188","256","306","866","160","202","222","338"
"current_accrued_liabilities","879.2","992.7","1048.3","979.3","914.9","1020.8","1091.4","984.3","996.6","959.2","1128.9","1286.9","1297.7","1244.1","1310.5","1303.4","1313.9","1501.4","1630.2","1761.9","1639.8","1499.7","1430.7","1170.6","1643.4","1597.7","1647.7","1174.9","616","1685","","1985","1107","642","1913","573","1073","656","582","645","662","721","863","883","943","949","985","1022","1031","1062","1089","1004","1174","1108","1156","1080","1215","1203","1380","1176","1262","1184","1259","1215","1113","1146","1104","2353","2715","2824","2706","3156","1942","2524","2487","3511","2996"
"st_debt","443.2","348.5","171.4","152.6","103.9","150.9","107.7","76","320.3","333.7","334","298.7","91.8","89.8","126.6","131.3","146","125.6","211.9","184","251.6","348.4","363.1","374.9","101.8","110.7","116.3","146","241","260","","387","280","237","140","157","138","158","160","155","168","187","126","174","152","203","169","181","129","104","7","45","66","64","29","331","342","1239","17","342","19","15","22","15","256","306","13","251","138","41","4","2","15","9","","510","509"
"current_deferred_revenue","","","","","","","","","","","","","","","","","","","","","","","","","","","","","","","","","","","","","","","","","","","","","","","","","","","","","","","","","","","","","","","","","","","","","","","","","","","","",""
"current_deferred_tax_liability","","","","","","","","","","","","","","","","","","","","","","","","","","","","","","","","","","","","","","","","","","","","","","","","","","","","","","","","","","","","","","","","","","","","","","","","","","","","",""
"other_current_liabilities","192.2","121.7","157.9","118.2","200.3","180.8","182.7","95","148.1","71.09999999999999","55.5","85.5","152.5","71","74.7","109","184","108.4","96.40000000000001","88","214.3","117.4","112.4","613.3","","","-4.5474735088646E-13","729.5","861","","","","590","1001","","1369","901","1183","1158","1217","1052","1100","1252","1404","1266","1428","2341","2755","1890","2197","1963","1874","1757","1749","1883","1735","2043","1815","2103","1869","2650","3019","3251","3561","3068","3233","4004","2831","3027","3206","3201","2907","2849","2907","2904","2709","3281"
"total_current_liabilities","2034.7","1996","1944.6","2030.5","1907.9","2003.2","2066","1999.2","2233.5","2161.1","2304.2","2623.3","2409.7","2285.2","2312.7","2584","2615.4","2788.9","2943.2","3321.5","3311.6","3089.6","2858.2","3277","2852.8","2798.3","2846.7","3364.2","3142","3248","","3958","3760","3563","3410","3882","3776","3799","3500","3962","3863","3851","3954","5027","4813","4937","5586","6332","5276","5511","4980","5358","5363","5225","5271","5474","6056","6750","5783","6040","6708","7278","7281","7866","8070","8264","8280","8284","8619","8871","8894","9674","8269","8857","8818","10730","10919"
"lt_debt","532.3","649.6","694.3","682.4","692.4","699","691.4","687.3","428.4","408.3","411.3","410.7","380.4","383.5","419.4","409.9","420.9","436.3","446.7","441.1","407.3","445.5","437.8","437.2","443.2","459.6","451.9","445.8","342","338","","276","238","234","229","228","226","170","161","1210","1207","1201","1201","1199","1195","1084","1082","1079","1079","2067","2048","1993","1993","3473","3472","3471","3472","3472","3469","3468","3467","3466","3465","3464","3463","3462","3463","9406","9408","9410","9412","9413","9415","9417","9418","8920","8922"
"noncurrent_capital_leases","","","","","","","","","","","","","","","","","","","","","","","","","","","","","","","","","","","","","","","","","","","","","","","","","","","","","","","","","","","","","","","","","2675","2723","2758","2913","2961","2896","2964","2931","2898","2835","2784","2777","2736"
"pension_liabilities","","","","","","","","","","","","","","","","","","","","","","","","","","","","","","","","","","","","","","","","","","","","","","","","","","","","","","","","","","","","","","","","","","","","","","","","","","","","",""
"noncurrent_deferred_revenue","234.2","363.3","401.9","413.8","430.2","513.5","467.3","462.6","489.7","492.9","540.8","550.1","559.2","615.1","638.2","668.7","622.3","736.9","784.8","854.5","843","983.1","748.6","842","803.6","876.1","848.5","855.3","907","929","","921","906","925","979","974","1065","1188","1287","1292","1322","1424","1515","1544","1408","1446","1505","1479","1517","1600","1659","1770","1635","1631","1687","1907","2126","2075","3518","3216","3316","3204","3214","3347","2841","2802","2674","2684","3046","3019","2984","2955","2992","2884","2748","2613","2689"
"other_lt_liabilities","0.30000000000018","0.29999999999973","0.30000000000018","0.29999999999973","0.30000000000018","0.30000000000018","0.29999999999973","0.30000000000018","0.30000000000018","0.29999999999973","0.29999999999973","0.30000000000018","0.29999999999973","0.30000000000018","0.29999999999973","0.29999999999973","0.29999999999973","0.29999999999973","0.30000000000018","0.29999999999927","0.30000000000018","0.30000000000018","0.30000000000018","0.30000000000018","0.5999999999994501","0.6000000000003599","0.29999999999927","0.30000000000018","","","","","","","","","","","","","","","","","","","","","","","","","","","","","","","","","","","","","","","","","","","","","","","","",""
"total_liabilities","2801.5","3009.2","3041.1","3127","3030.8","3216","3225","3149.4","3151.9","3062.6","3256.6","3584.4","3349.6","3284.1","3370.6","3662.9","3658.9","3962.4","4175","4617.4","4562.2","4518.5","4044.9","4556.5","4100.2","4134.6","4147.4","4665.6","4391","4515","","5155","4904","4722","4618","5084","5067","5157","4948","6464","6392","6476","6670","7770","7416","7467","8173","8890","7872","9178","8687","9121","8991","10329","10430","10852","11654","12297","12770","12724","13491","13948","13960","14677","17049","17251","17175","23287","24034","24196","24254","24973","23574","23993","23768","25040","25266"
"common_stock","3","3","3","3","3","3","3","3","3","3","3","3","3","3","3","3","3","3","3","3","3","3","3","3","3","3","3","3","3","3","","3","3","3","3","3","3","3","3","3","3","3","3","3","3","3","3","3","3","3","3","3","3","3","3","3","3","3","3","3","3","3","3","3","3","3","3","3","3","3","3","3","3","3","3","3","3"
"preferred_stock","","","","","","","","","","","","","","","","","","","","","","","","","","","","","","","","","","","","","","","","","","","","","","","","","","","","","","","","","","","","","","","","","","","","","","","","","","","","",""
"retained_earnings","3775.9","3803.7","3898.4","3982.9","4104","4252","4262.7","4396.5","4614.7","4599.2","4718.8","4713.4","4543.1","4651.2","4818.2","4885.2","5017.6","4972.7","4982.7","5073.3","5045.9","5108.7","5231.5","5451.4","5827.7","5879.2","5919.1","6095.5","6011","6043","","5801","5653","5290","5447","5588","5215","5029","5456","5620","5762","5685","5374","4871","4808","4797","4737","4685","5029","4887","4113","4151","4078","3725","4095","6907","3759","3301","1078","3517","2494","1810","1851","1643","1721","1577","1128","-191","927","1730","2729","3179","3886","3786","3521","3476","3535"
"aoci","-173.7","-166.6","-146.1","-91.8","-47.6","-7","5.7","62","91.40000000000001","114.1","122.6","121.7","137","142.7","146.1","177.4","204.2","229","277","251.4","361","252.8","191.3","367.5","244.3","156","234.4","214.8","138","151","","95","105","215","243","149","111","138","231","274","177","90","33","85","224","525","1111","1246","833","1107","645","318","85","399","229","-213","-586","-587","-624","-92","-30","209","197","231","180","52","-57","-56","-401","-429","-446","-380","-67","145","99","318","636"
"apic","612.1","727.4","808.1","887.8","962.9","1094.5","1155.9","1182.9","1254.9","1365.4","1417.4","1447.3","1538","1741.4","1880.9","1960","2130","2287.7","2350.7","2497.8","2622.9","2751.9","2785.2","2871.4","3015.9","3186.1","3272.6","3440.6","3508","3752","","3944","4138","4335","4483","4641","4718","4844","4977","5184","5340","5566","5723","5865","6070","6375","6517","6773","7029","7408","7539","7786","7999","8196","8395","5710","8817","9041","9325","6384","6525","6707","6910","7163","7296","7719","7971","8299","8695","9336","9645","9965","10521","10990","11186","11484","11648"
"treasury_stock","","","","","","","","","","","","","","","","","","","","","","","","","","","","","","","","","","","","","","","","","","","","","","","","","","","","","","","","","","","","","","","","","","","","","","","","","","","","",""
"other_equity","-0.19999999999982","-0.19999999999982","-0.20000000000073","-0.19999999999982","-0.19999999999982","-0.19999999999982","-0.19999999999891","-0.19999999999982","-0.19999999999982","-0.20000000000073","-0.20000000000073","-0.19999999999982","-0.20000000000073","-0.19999999999891","-0.20000000000073","-0.19999999999982","-0.19999999999982","-0.19999999999982","-0.19999999999982","-0.19999999999982","-0.19999999999891","-0.19999999999982","-0.20000000000073","-0.19999999999891","-0.5","-0.5","-0.20000000000073","-0.19999999999891","","","","","","","","","","","","","","","","","","","","","","","","","","","","","","","","","","","","","","","","","","","","","","","","",""
"minority_interest_liability","","","","","","","","","","","","","","","","","","","","","","","","","","","","","","","","","","","","","","","","","","","","","","","","","","","","","","","","","","","","","","","","","","","","","","","","","","","","",""
"total_equity","4217.1","4367.3","4563.2","4781.7","5022.1","5342.3","5427.1","5644.2","5963.8","6081.5","6261.6","6285.2","6220.9","6538.1","6848","7025.4","7354.6","7492.2","7613.2","7825.3","8032.6","8116.2","8210.799999999999","8693.1","9090.4","9223.799999999999","9428.9","9753.700000000001","9660","9949","","9843","9899","9843","10176","10381","10047","10014","10667","11081","11282","11344","11133","10824","11105","11700","12368","12707","12894","13405","12300","12258","12165","12323","12722","12407","11993","11758","9782","9812","8992","8729","8961","9040","9200","9351","9045","8055","9224","10640","11931","12767","14343","14924","14809","15281","15822"
"total_liabilities_and_equity","7018.6","7376.5","7604.3","7908.7","8052.9","8558.299999999999","8652.1","8793.6","9115.700000000001","9144.1","9518.200000000001","9869.6","9570.5","9822.200000000001","10218.6","10688.3","11013.5","11454.6","11788.2","12442.7","12594.8","12634.7","12255.7","13249.6","13190.6","13358.4","13576.3","14419.3","14051","14464","","14998","14803","14565","14794","15465","15114","15171","15615","17545","17674","17820","17803","18594","18521","19167","20541","21597","20766","22583","20987","21379","21156","22652","23152","23259","23647","24055","22552","22536","22483","22677","22921","23717","26249","26602","26220","31342","33258","34836","36185","37740","37917","38917","38577","40321","41088"
"cfo_net_income","261.2","179.1","200.3","305","326.8","261.9","273.4","349.5","432.3","301.1","325.8","332.8","377.2","325.6","350.8","437.9","569.7","359.4","463.8","490.5","510.5","391","243.8","341.4","513","375","497","522","559","457","523","633","645","480","560","537","567","384","866","655","779","534","682","698","962","655","791","865","1179","785","950","846","1249","842","1141","1008","950","767","-921","1137","1092","847","1101","989","1367","1115","847","-790","1518","1251","1449","1509","1874","1337","1396","1439","1468"
"cfo_da","71.8","86.59999999999999","80.40000000000001","74.7","61.6","75.8","82","68.3","69.59999999999999","73.5","90.59999999999999","57.2","74","68.3","46.9","81","71.59999999999999","85.8","91.5","72.59999999999999","85.3","89.59999999999999","79.90000000000001","128.5","81","94","87","134","62","113","85","98","111","87","122","76","137","129","93","143","152","145","134","155","155","161","165","168","165","157","177","163","180","178","170","188","185","191","198","200","181","178","177","184","175","187","534","223","217","247","112","221","168","193","183","296","160"
"cfo_receivables","-52.7","","","","-57.8","147.8","-187.5","4","-132.8","201.1","-163.8","10.4","-164.3","202.4","-140.8","63.1","-257.3","243.4","-119.9","15.5","-292.9","119.9","-200.8","135.8","94","191","-196","93","-82","46","-134","-103","-141","50","-142","-90","-123","145","16","104","-102","13","-166","-43","-203","26","68","-107","52","-191","15","184","-284","-34","-228","120","-101","244","-140","184","-294","-30","-136","190","-456","-112","93","1714","-990","69","84","-769","36","507","-77","-970","-415"
"cfo_inventory","-2.5","","","","25.9","12.8","-35.9","-106.1","-29.1","-70.2","-98.7","-2.3","-73.90000000000001","-24.5","-10.4","59.3","-20","-7.9","-156","-65.90000000000001","-57","-69","-56.5","214.7","95","157","-37","70","-118","-134","-147","-152","-398","-157","-136","-124","-17","-24","-64","-114","-61","-216","-72","-156","-111","-207","-192","-111","-100","-254","-5","-231","-62","-238","143","-74","-96","-147","-2","-10","-25","-238","37","-264","-270","-338","153","-1399","689","632","-647","-167","101","167","-1140","-804","-1363"
"cfo_prepaid_expenses","-51.1","","","","1.9","30","7.2","32.3","-39.6","8.6","-104.6","98.40000000000001","-47.9","-182.9","91.2","78.8","-1.9","-78.40000000000001","50.2","18.9","49.2","-23.6","-80.59999999999999","69.09999999999999","-55","54","-35","-34","13","-3","-2","-43","-59","4","-94","8","-63","30","-46","51","-102","-23","-97","12","","-58","27","-113","-73","-41","-35","-12","-63","-22","-67","32","-543","335","-266","509","-83","-41","-43","-36","38","-105","-427","-160","-338","175","-243","224","-242","-202","-195","-206","-128"
"cfo_other_working_capital","119.7","125.5","-102.3","156.6","-15","-175.1","189.1","113.4","-43.4","-75.09999999999999","154","243.9","-1.1","-145.1","-10.9","242.2","-1.6","5.2","23.3","304","57.3","-286.2","-155.5","164.4","-92","-264","118","535","-243","-70","37","427","-100","26","-10","509","14","-75","-225","313","-114","-169","234","574","-251","34","722","732","-787","-7","-437","645","-178","195","89","-264","208","-48","1279","76","205","679","-225","866","-547","190","160","221","-85","-80","539","952","-860","657","-102","1670","492"
"cfo_change_in_working_capital","13.4","125.5","-102.3","156.6","-45","15.5","-27.1","43.6","-244.9","64.40000000000001","-213.1","350.4","-287.2","-150.1","-70.90000000000001","443.4","-280.8","162.3","-202.4","272.5","-243.4","-258.9","-493.4","584","42","138","-150","664","-430","-161","-246","129","-698","-77","-382","303","-189","76","-319","354","-379","-395","-101","387","-565","-205","625","401","-908","-493","-462","586","-587","-99","-63","-186","-532","384","871","759","-197","370","-367","756","-1235","-365","-21","376","-724","796","-267","240","-965","1129","-1514","-310","-1414"
"cfo_deferred_tax","0.7","11.4","16.4","-9.5","11.6","10.6","-26.3","25.4","-11.2","16.4","-0.6","-30.6","-1.9","44","19","-27","-104.8","-3.6","4.3","-196.5","-73","33.9","-231.2","-23.8","-18","37","55","-66","","-3","-67","-6","4","-5","-6","-52","-17","-32","-7","76","24","","-80","45","35","14","-6","-156","-31","-8","33","-74","-50","-20","-129","-74","-59","-24","647","83","18","-7","56","-33","-42","-92","-238","-8","-220","43","-114","-94","-145","-77","-12","-416","-43"
"cfo_stock_comp","","","","","","","","","","","","","","","","","","","","","","","","","91","24","23","21","21","29","28","27","25","36","34","35","37","46","45","46","42","46","43","46","43","49","48","51","54","62","60","60","57","54","51","53","50","53","55","60","41","92","93","99","80","110","113","126","136","189","142","144","136","170","161","171","170"
"cfo_other_noncash_items","2.9","16.5","11.5","16.3","13.4","23.3","23.6","2.8","15.9","21.1","12.2","4.999999999999901","69.7","22","27.4","28.6","63.8","26.5","-3.3","-6.6","78.2","25.1","425","43.6","","","","","","","","-39","","-11","","","","107","-231","66","","","59","-3","53","190","168","13","32","42","118","-94","-61","27","-56","-27","-19","-48","-63","31","166","44","8","15","49","-43","-55","72","-45","-53","-32","-8","43","5","-45","-29","16"
"cf_cfo","350","419.1","206.3","543.1","368.4","387.1","325.6","489.6","261.7","476.5","214.9","714.8","231.8","309.8","373.2","963.9","319.5","630.4","353.9","632.5","357.6","280.7","24.1","1073.7","709","668","512","1275","212","435","323","842","87","510","328","899","535","710","447","1340","618","330","737","1328","683","864","1791","1342","491","545","876","1487","788","982","1114","962","575","1323","787","2270","1301","1524","1068","2010","394","912","1180","-1","882","2473","1290","2012","1111","2757","169","1151","357"
"cfi_ppe_net","-40.4","-44.4","-55.4","-63","-52.4","-66.09999999999999","-55.7","-75.7","-58.1","-106","-66.8","-101.2","-72.2","-82.5","-34.6","-95.90000000000001","-91.59999999999999","-109.9","-90","-155.8","-93.59999999999999","-117.3","-109.8","-103","-80","-93","-67","-95","-89","-102","-112","-129","-113","-145","-120","-184","-107","-143","-175","-173","-244","-204","-221","-210","-260","-225","-235","-240","-318","-288","-286","-242","-277","-235","-264","-329","-270","-227","-231","-297","-343","-287","-216","-273","-284","-238","-275","-289","-176","-168","-177","-174","-184","-178","-154","-242","-264"
"cfi_acquisitions_net","","","","","","","","","","","","","","","","","","","","","","","","","","","","","","","","","","","","","","","","","","","","","","","","","","","","","","","","","","","","","","","","","","","","","","","","","","","","",""
"cfi_investment_net","","","","","34.6","-110.8","58.3","-17.4","134","-613.4","378.6","-809.1","661.8","-106.8","421.5","-594.1","181.5","224.8","-80.09999999999999","-21.8","-321.9","149","334.3","-488.8","-221","-677","171","-205","-592","-384","686","-270","462","665","279","-245","333","-136","-255","-1082","-449","-291","179","233","540","-221","19","447","-67","-24","442","-258","243","546","-480","-191","258","13","983","72","6","375","339","130","45","-202","166","18","-715","-2074","-861","374","583","-1359","-380","409","-89"
"cfi_intangibles_net","","","","","","","","","","","","","","","","","","","","","","","","","","","","","","","","","","","","","","","","","","","","","","","","","","","","","","","","","","","","","","","","","","","","","","","","","","","","",""
"cfi_other","-1.9","-297","-28.2","-420.3","-54.6","-7.6","-8.699999999999999","-4.3","-6.6","-2","-15.6","-10.4","-5.499999999999901","-4.9","1.2","4.9","-1.2","-9.200000000000101","-51.7","-284.8","-12.6","-13.7","-16.1","-4.5999999999999","-31","37","-3","-4","-3","-1","-5","-20","-32","-5","7","17","-5","218","556","29","-1","","","1","","","","","","","-3","10","-42","1","20","","","","","-25","4","","1","","-109","","139","1","2","254","-72","-13","102","-69","-72","20","139"
"cf_cfi","-42.3","-341.4","-83.59999999999999","-483.3","-72.40000000000001","-184.5","-6.1","-97.40000000000001","69.3","-721.4","296.2","-920.7","584.1","-194.2","388.1","-685.1","88.7","105.7","-221.8","-462.4","-428.1","18","208.4","-596.4","-332","-733","101","-304","-684","-487","569","-419","317","515","166","-412","221","-61","126","-1226","-694","-495","-42","24","280","-446","-216","207","-385","-312","153","-490","-76","312","-724","-520","-12","-214","752","-250","-333","88","124","-143","-348","-440","30","-270","-889","-1988","-1110","187","501","-1606","-606","187","-214"
"cff_common_stock_net","-76","-4.2","28.6","-114.6","-80.2","50.5","-156.1","-143.6","-75.5","-161.3","-85.59999999999999","-213.4","-442.8","3.9","9.5","-232.9","-221.6","-173.6","-310","-199.5","-373","-230.4","","","-15","-178","-333","-215","-488","-297","-467","-607","-626","-699","-260","-229","-766","-413","-253","-242","-526","-402","-788","-912","-819","-424","-612","-679","-588","-652","-1458","-540","-1054","-900","-475","-794","-804","-972","-918","-1560","-1360","-1277","-768","-881","-999","-922","-944","-202","","","","","-752","-971","-1200","-1091","-983"
"cff_pfd_net","","","","","","","","","","","","","","","","","","","","","","","","","","","","","","","","","","","","","","","","","","","","","","","","","","","","","","","","","","","","","","","","","","","","","","","","","","","","",""
"cff_debt_net","163.7","-65.2","-150.7","-0.9","-52.7","29.5","-44.2","-23.5","2.6","12.4","-2.8","-36.4","-234.9","-4.5","75.7","2.4","11.9","-32.4","81.59999999999999","-32.6","43.4","107.1","16.2","3.6","-276","2","6","31","-34","15","8","44","-150","-33","-105","38","-23","-32","1","1001","1","1","-32","28","-25","-49","-30","15","-49","957","-104","-3","17","1477","-45","299","2","888","-1224","347","-321","-6","7","-11","239","49","-293","6182","-113","-97","-37","-2","13","","-9","11","-1"
"cff_dividend_paid","-36.9","-36.8","-52.6","-52.9","-52.6","-52.6","-66","-65.5","-65.3","-65.09999999999999","-80.40000000000001","-80.09999999999999","-79.3","-77.7","-93.2","-93.5","-92.8","-92.3","-114.4","-113.4","-113","-111.6","-121","-121.1","-121","-122","-132","-130","-131","-129","-148","-147","-145","-144","-165","-165","-165","-162","-188","-188","-188","-187","-212","-212","-209","-207","-242","-241","-240","-239","-273","-270","-269","-267","-298","-299","-300","-295","-325","-323","-320","-318","-348","-346","-345","-344","-382","-381","-384","-385","-434","-435","-435","-438","-483","-481","-480"
"cff_other","7.105427357601E-15","","","","2.8421709430404E-14","","","","","","","","5.0999999999999","26.5","16.7","7.5","14.9","14.3","7.8","26","8.699999999999999","106.5","10","40.7","54","150","56","162","53","215","65","76","177","166","114","126","47","83","88","167","121","183","112","99","171","258","93","210","203","326","72","-116","104","126","101","129","104","163","233","149","169","143","132","212","95","359","177","202","249","438","151","-410","431","306","82","181","60"
"cf_cff","50.8","-106.2","-174.7","-168.4","-185.5","27.4","-266.3","-232.6","-138.2","-214","-168.8","-329.9","-751.9","-51.8","8.699999999999999","-316.5","-287.6","-284","-335","-319.5","-433.9","-128.4","-94.8","-76.8","-358","-148","-403","-152","-600","-196","-542","-634","-744","-710","-416","-230","-907","-524","-352","738","-592","-405","-920","-997","-882","-422","-791","-695","-674","392","-1763","-929","-1202","436","-717","-665","-998","-216","-2234","-1387","-1832","-1458","-977","-1026","-1010","-858","-1442","5801","-248","-44","-320","-847","-743","-1103","-1610","-1380","-1404"
"ebitda","503.7","383.7","410.3","565.5","573.8","490.7","505.1","611.8","713.3","530.2","578.1","578.5","633.5","501.7","538.8","728","723.9","577.4","736.2","717.7","791","592.8","676.3","778","751","575","742","802","823","695","775","906","981","732","899","835","906","823","966","1045","1226","880","1068","1092","1396","1050","1212","1166","1583","1098","1300","1183","1406","1289","1424","1346","1291","1101","1369","1458","1515","1141","1425","1411","1718","1407","1724","-615","1983","1827","1790","2134","2292","1647","1812","1764","1855"
"capex","-40.4","-44.4","-55.4","-63","-52.4","-66.09999999999999","-55.7","-75.7","-58.1","-106","-66.8","-101.2","-72.2","-82.5","-34.6","-95.90000000000001","-91.59999999999999","-109.9","-90","-155.8","-93.59999999999999","-117.3","-109.8","-103","-80","-93","-67","-95","-89","-102","-112","-129","-113","-145","-120","-184","-107","-143","-175","-173","-244","-204","-221","-210","-260","-225","-235","-240","-318","-288","-286","-242","-277","-235","-264","-329","-270","-227","-231","-297","-343","-287","-216","-273","-284","-238","-275","-289","-176","-168","-177","-174","-184","-178","-154","-242","-264"
"fcf","309.6","374.7","150.9","480.1","316","321","269.9","413.9","203.6","370.5","148.1","613.6","159.6","227.3","338.6","868","227.9","520.5","263.9","476.7","264","163.4","-85.7","970.7","629","575","445","1180","123","333","211","713","-26","365","208","715","428","567","272","1167","374","126","516","1118","423","639","1556","1102","173","257","590","1245","511","747","850","633","305","1096","556","1973","958","1237","852","1737","110","674","905","-290","706","2305","1113","1838","927","2579","15","909","93"
"book_value","4217.1","4367.3","4563.2","4781.7","5022.1","5342.3","5427.1","5644.2","5963.8","6081.5","6261.6","6285.2","6220.9","6538.1","6848","7025.4","7354.6","7492.2","7613.2","7825.3","8032.6","8116.2","8210.799999999999","8693.1","9090.4","9223.799999999999","9428.9","9753.700000000001","9660","9949","","9843","9899","9843","10176","10381","10047","10014","10667","11081","11282","11344","11133","10824","11105","11700","12368","12707","12894","13405","12300","12258","12165","12323","12722","12407","11993","11758","9782","9812","8992","8729","8961","9040","9200","9351","9045","8055","9224","10640","11931","12767","14343","14924","14809","15281","15822"
"tangible_book_value","4033.5","3866.5","4062.5","4280","4477","4799.1","4888.5","5102.7","5423.7","5542.2","5720.1","5748.9","5682.6","6000.6","6311.1","6484.7","6814.3","6951.7","7098","6633.4","6895.1","7089.2","7562.9","8032.2","8424.299999999999","8555.1","8770.200000000001","9099.1","8998","9288","","9151","9159","9110","9440","9880","9309","9509","10160","10661","10768","10828","10616","10411","10692","11288","11956","12295","12482","12993","11888","11846","11742","11901","12300","11985","11571","11337","9361","9373","8554","8291","8524","8603","8697","8850","8547","7558","8729","10147","11418","12256","13834","14417","14234","14711","15257"
"roa","0.11","0.11","0.12","0.12","0.13","0.13","0.14","0.14","0.15","0.15","0.15","0.14","0.14","0.14","0.14","0.14","0.16","0.15","0.16","0.16","0.15","0.15","0.13","0.12","0.11","0.11","0.13","0.14","0.14","0.14","0.28","0.28","0.15","0.15","0.15","0.15","0.14","0.14","0.15","0.15","0.15","0.16","0.15","0.15","0.15","0.16","0.16","0.16","0.16","0.17","0.17","0.18","0.18","0.18","0.18","0.18","0.17","0.16","0.08","0.09","0.09","0.1","0.18","0.17","0.17","0.17","0.16","0.09","0.08","0.08","0.1","0.15","0.16","0.16","0.16","0.15","0.14"
"roe","0.19","0.19","0.2","0.2","0.21","0.21","0.22","0.22","0.23","0.23","0.23","0.22","0.21","0.21","0.21","0.22","0.23","0.23","0.24","0.24","0.23","0.23","0.2","0.18","0.17","0.16","0.19","0.2","0.2","0.21","0.41","0.43","0.22","0.23","0.23","0.22","0.21","0.2","0.23","0.23","0.24","0.25","0.24","0.25","0.26","0.26","0.26","0.26","0.27","0.28","0.29","0.31","0.31","0.32","0.33","0.34","0.32","0.33","0.17","0.2","0.22","0.24","0.47","0.45","0.47","0.49","0.47","0.3","0.31","0.28","0.3","0.46","0.45","0.42","0.41","0.4","0.36"
"roic","0.16","0.15","0.16","0.17","0.18","0.18","0.19","0.19","0.2","0.2","0.2","0.2","0.2","0.2","0.19","0.2","0.22","0.22","0.22","0.23","0.21","0.21","0.18","0.16","0.16","0.15","0.17","0.19","0.19","0.2","0.39","0.41","0.21","0.22","0.22","0.21","0.2","0.2","0.22","0.21","0.21","0.22","0.21","0.22","0.23","0.24","0.23","0.24","0.25","0.24","0.25","0.26","0.27","0.26","0.25","0.26","0.25","0.24","0.12","0.14","0.16","0.17","0.34","0.32","0.31","0.29","0.28","0.14","0.13","0.13","0.14","0.23","0.23","0.23","0.23","0.22","0.2"
"roce","0.25","0.24","0.25","0.26","0.27","0.27","0.27","0.28","0.29","0.28","0.29","0.28","0.27","0.27","0.26","0.26","0.27","0.26","0.27","0.27","0.26","0.26","0.25","0.24","0.23","0.23","0.23","0.22","0.23","0.24","0.47","0.5","0.26","0.27","0.27","0.26","0.25","0.26","0.26","0.25","0.26","0.25","0.26","0.27","0.28","0.28","0.28","0.27","0.28","0.27","0.27","0.28","0.27","0.27","0.26","0.26","0.26","0.24","0.25","0.26","0.29","0.3","0.31","0.3","0.29","0.28","0.28","0.15","0.14","0.15","0.16","0.25","0.25","0.24","0.24","0.22","0.21"
"rotce","0.26","0.26","0.28","0.29","0.29","0.29","0.3","0.3","0.31","0.31","0.31","0.3","0.3","0.29","0.28","0.28","0.28","0.28","0.29","0.29","0.3","0.29","0.27","0.26","0.25","0.24","0.24","0.24","0.24","0.25","0.5","0.53","0.28","0.29","0.29","0.28","0.27","0.28","0.27","0.26","0.26","0.26","0.27","0.27","0.29","0.29","0.29","0.28","0.29","0.28","0.28","0.29","0.28","0.28","0.27","0.27","0.26","0.25","0.25","0.27","0.29","0.31","0.32","0.31","0.3","0.29","0.29","0.15","0.14","0.15","0.16","0.26","0.26","0.24","0.24","0.23","0.21"
"gross_margin","0.43","0.42","0.42","0.44","0.45","0.44","0.44","0.45","0.45","0.43","0.44","0.44","0.44","0.43","0.44","0.44","0.45","0.44","0.45","0.46","0.47","0.45","0.44","0.43","0.46","0.44","0.47","0.47","0.47","0.45","0.46","0.45","0.44","0.43","0.44","0.43","0.44","0.42","0.44","0.44","0.45","0.44","0.45","0.46","0.47","0.45","0.46","0.46","0.47","0.46","0.46","0.46","0.46","0.44","0.44","0.44","0.44","0.43","0.44","0.45","0.44","0.44","0.45","0.45","0.46","0.44","0.44","0.37","0.45","0.43","0.46","0.46","0.47","0.46","0.47","0.45","0.44"
"ebitda_margin","0.17","0.14","0.14","0.16","0.16","0.16","0.15","0.16","0.18","0.15","0.16","0.14","0.15","0.13","0.14","0.17","0.16","0.13","0.16","0.14","0.15","0.13","0.15","0.17","0.16","0.13","0.16","0.16","0.16","0.14","0.15","0.18","0.16","0.13","0.16","0.13","0.14","0.14","0.16","0.16","0.18","0.14","0.15","0.15","0.17","0.14","0.16","0.15","0.19","0.14","0.16","0.14","0.16","0.16","0.17","0.16","0.14","0.13","0.15","0.15","0.15","0.12","0.15","0.14","0.16","0.14","0.17","-0.1","0.19","0.16","0.17","0.17","0.19","0.15","0.17","0.14","0.15"
"operating_margin","0.14","0.1","0.11","0.14","0.14","0.13","0.13","0.15","0.17","0.13","0.13","0.13","0.13","0.11","0.13","0.15","0.14","0.11","0.14","0.13","0.13","0.11","0.13","0.14","0.14","0.11","0.14","0.13","0.15","0.12","0.14","0.16","0.14","0.12","0.14","0.12","0.12","0.12","0.14","0.13","0.15","0.11","0.13","0.13","0.16","0.12","0.14","0.13","0.17","0.12","0.14","0.12","0.14","0.14","0.15","0.13","0.12","0.11","0.13","0.13","0.13","0.1","0.13","0.12","0.14","0.12","0.12","-0.13","0.17","0.14","0.16","0.15","0.17","0.13","0.15","0.12","0.13"
"pretax_margin","0.13","0.1","0.11","0.13","0.14","0.13","0.12","0.14","0.17","0.13","0.14","0.13","0.14","0.12","0.13","0.15","0.14","0.12","0.15","0.13","0.13","0.11","0.05","0.1","0.14","0.11","0.14","0.13","0.15","0.13","0.14","0.16","0.14","0.11","0.14","0.12","0.12","0.12","0.14","0.13","0.15","0.11","0.13","0.12","0.15","0.12","0.14","0.14","0.17","0.13","0.14","0.13","0.14","0.14","0.16","0.13","0.12","0.1","0.13","0.12","0.13","0.11","0.13","0.12","0.15","0.12","0.09","-0.13","0.16","0.13","0.16","0.15","0.17","0.13","0.15","0.11","0.14"
"net_income_margin","0.09","0.06","0.07000000000000001","0.09","0.09","0.08","0.08","0.09","0.11","0.09","0.09","0.08","0.09","0.09","0.09","0.1","0.12","0.08","0.1","0.1","0.09","0.09","0.05","0.07000000000000001","0.11","0.09","0.11","0.1","0.11","0.09","0.1","0.12","0.11","0.08","0.1","0.09","0.09","0.06","0.14","0.1","0.11","0.08","0.1","0.09","0.12","0.09","0.11","0.11","0.14","0.1","0.12","0.1","0.14","0.1","0.14","0.12","0.1","0.09","-0.1","0.12","0.11","0.09","0.11","0.1","0.13","0.11","0.08","-0.13","0.14","0.11","0.14","0.12","0.15","0.12","0.13","0.12","0.12"
"fcf_margin","0.1","0.13","0.05","0.14","0.09","0.1","0.08","0.11","0.05","0.11","0.04","0.15","0.04","0.06","0.09","0.2","0.05","0.12","0.06","0.09","0.05","0.04","-0.02","0.21","0.13","0.13","0.09","0.23","0.02","0.07000000000000001","0.04","0.14","","0.07000000000000001","0.04","0.11","0.07000000000000001","0.1","0.04","0.17","0.05","0.02","0.07000000000000001","0.15","0.05","0.09","0.21","0.14","0.02","0.03","0.07000000000000001","0.15","0.06","0.09","0.1","0.07000000000000001","0.03","0.13","0.06","0.2","0.1","0.13","0.09","0.17","0.01","0.07000000000000001","0.09","-0.05","0.07000000000000001","0.21","0.11","0.15","0.08","0.23","","0.07000000000000001","0.01"
"assets_to_equity","1.66","1.69","1.67","1.65","1.6","1.6","1.59","1.56","1.53","1.5","1.52","1.57","1.54","1.5","1.49","1.52","1.5","1.53","1.55","1.59","1.57","1.56","1.49","1.52","1.45","1.45","1.44","1.48","1.45","1.45","","1.52","1.5","1.48","1.45","1.49","1.5","1.51","1.46","1.58","1.57","1.57","1.6","1.72","1.67","1.64","1.66","1.7","1.61","1.68","1.71","1.74","1.74","1.84","1.82","1.87","1.97","2.05","2.31","2.3","2.5","2.6","2.56","2.62","2.85","2.84","2.9","3.89","3.61","3.27","3.03","2.96","2.64","2.61","2.6","2.64","2.6"
"equity_to_assets","0.6","0.59","0.6","0.6","0.62","0.62","0.63","0.64","0.65","0.67","0.66","0.64","0.65","0.67","0.67","0.66","0.67","0.65","0.65","0.63","0.64","0.64","0.67","0.66","0.6899999999999999","0.6899999999999999","0.6899999999999999","0.68","0.6899999999999999","0.6899999999999999","","0.66","0.67","0.68","0.6899999999999999","0.67","0.66","0.66","0.68","0.63","0.64","0.64","0.63","0.58","0.6","0.61","0.6","0.59","0.62","0.59","0.59","0.57","0.58","0.54","0.55","0.53","0.51","0.49","0.43","0.44","0.4","0.38","0.39","0.38","0.35","0.35","0.34","0.26","0.28","0.31","0.33","0.34","0.38","0.38","0.38","0.38","0.39"
"debt_to_equity","0.23","0.23","0.19","0.17","0.16","0.16","0.15","0.14","0.13","0.12","0.12","0.11","0.08","0.07000000000000001","0.08","0.08","0.08","0.07000000000000001","0.09","0.08","0.08","0.1","0.1","0.09","0.06","0.06","0.06","0.06","0.06","0.06","","0.07000000000000001","0.05","0.05","0.04","0.04","0.04","0.03","0.03","0.12","0.12","0.12","0.12","0.13","0.12","0.11","0.1","0.1","0.09","0.16","0.17","0.17","0.17","0.29","0.28","0.31","0.32","0.4","0.36","0.39","0.39","0.4","0.39","0.38","0.7","0.6899999999999999","0.6899999999999999","1.56","1.36","1.16","1.04","0.97","0.86","0.82","0.82","0.8","0.77"
"debt_to_assets","0.14","0.14","0.11","0.11","0.1","0.1","0.09","0.09","0.08","0.08","0.08","0.07000000000000001","0.05","0.05","0.05","0.05","0.05","0.05","0.06","0.05","0.05","0.06","0.07000000000000001","0.06","0.04","0.04","0.04","0.04","0.04","0.04","","0.04","0.03","0.03","0.02","0.02","0.02","0.02","0.02","0.08","0.08","0.08","0.07000000000000001","0.07000000000000001","0.07000000000000001","0.07000000000000001","0.06","0.06","0.06","0.1","0.1","0.1","0.1","0.16","0.15","0.16","0.16","0.2","0.15","0.17","0.16","0.15","0.15","0.15","0.24","0.24","0.24","0.4","0.38","0.35","0.34","0.33","0.33","0.32","0.32","0.3","0.3"
"revenue_per_share","1.42","1.31","1.34","1.61","1.65","1.46","1.53","1.73","1.8","1.64","1.71","1.89","2.09","1.86","1.93","2.16","2.29","2.14","2.25","2.53","2.74","2.34","2.27","2.41","2.44","2.23","2.4","2.56","2.65","2.48","2.62","2.62","3.21","2.96","3.03","3.33","3.57","3.26","3.39","3.66","3.83","3.53","3.85","4.14","4.5","4.17","4.22","4.41","4.8","4.39","4.62","4.78","5.3","4.83","5","5.17","5.41","5.15","5.53","5.6","6.09","5.78","5.97","6.33","6.67","6.48","6.35","3.99","6.65","6.99","6.41","7.64","7.56","7.02","6.75","7.67","8"
"ebitda_per_share","0.24","0.18","0.19","0.26","0.27","0.23","0.23","0.28","0.33","0.25","0.27","0.27","0.32","0.24","0.26","0.36","0.36","0.29","0.37","0.36","0.4","0.3","0.35","0.4","0.38","0.29","0.38","0.4","0.42","0.36","0.4","0.47","0.52","0.39","0.48","0.45","0.5","0.45","0.53","0.57","0.67","0.48","0.59","0.61","0.79","0.59","0.6899999999999999","0.66","0.9","0.63","0.75","0.6899999999999999","0.82","0.76","0.84","0.8","0.77","0.66","0.84","0.83","0.93","0.7","0.89","0.88","1.08","0.88","1.08","-0.39","1.24","1.14","1.11","1.32","1.42","1.02","1.12","1.11","1.17"
"operating_income_per_share","0.2","0.14","0.15","0.23","0.24","0.19","0.2","0.25","0.3","0.22","0.23","0.25","0.28","0.21","0.24","0.32","0.32","0.24","0.32","0.32","0.36","0.26","0.31","0.33","0.34","0.24","0.33","0.34","0.39","0.3","0.36","0.42","0.46","0.34","0.42","0.4","0.42","0.38","0.48","0.49","0.59","0.4","0.52","0.52","0.7","0.5","0.59","0.57","0.8100000000000001","0.54","0.65","0.59","0.72","0.66","0.74","0.6899999999999999","0.66","0.55","0.72","0.72","0.82","0.59","0.78","0.76","0.97","0.77","0.75","-0.53","1.11","0.98","1.04","1.18","1.31","0.9","1.01","0.92","1.07"
"pretax_income_per_share","0.19","0.13","0.14","0.22","0.23","0.19","0.19","0.25","0.31","0.22","0.24","0.24","0.29","0.22","0.25","0.32","0.33","0.25","0.33","0.32","0.36","0.27","0.12","0.25","0.35","0.25","0.34","0.34","0.39","0.31","0.36","0.41","0.45","0.34","0.42","0.38","0.44","0.39","0.47","0.48","0.57","0.39","0.49","0.51","0.6899999999999999","0.5","0.59","0.6","0.82","0.55","0.65","0.62","0.75","0.66","0.78","0.7","0.64","0.53","0.71","0.7","0.78","0.62","0.8","0.77","0.98","0.78","0.55","-0.51","1.08","0.9","1.01","1.15","1.3","0.93","1.04","0.86","1.15"
"fcf_per_share","0.15","0.17","0.07000000000000001","0.22","0.15","0.15","0.12","0.19","0.09","0.18","0.07000000000000001","0.29","0.08","0.11","0.17","0.43","0.11","0.26","0.13","0.24","0.13","0.08","-0.04","0.5","0.32","0.29","0.23","0.6","0.06","0.17","0.11","0.37","-0.01","0.19","0.11","0.38","0.24","0.31","0.15","0.64","0.21","0.07000000000000001","0.29","0.62","0.24","0.36","0.88","0.63","0.1","0.15","0.34","0.72","0.3","0.44","0.5","0.38","0.18","0.66","0.34","1.13","0.59","0.76","0.53","1.08","0.07000000000000001","0.42","0.57","-0.18","0.44","1.43","0.6899999999999999","1.14","0.57","1.59","0.01","0.57","0.06"
"book_value_per_share","1.98","2.01","2.11","2.21","2.32","2.47","2.51","2.63","2.78","2.88","2.96","2.97","3.1","3.18","3.36","3.45","3.61","3.7","3.78","3.89","4.06","4.14","4.21","4.44","4.62","4.66","4.79","4.92","4.94","5.1","","5.13","5.22","5.25","5.44","5.54","5.55","5.48","5.85","6.05","6.19","6.23","6.15","6.04","6.27","6.61","7","7.21","7.35","7.65","7.08","7.11","7.12","7.28","7.54","7.39","7.15","7.08","6.03","5.62","5.5","5.39","5.57","5.62","5.76","5.86","5.68","5.09","5.79","6.61","7.38","7.9","8.859999999999999","9.23","9.19","9.58","9.98"
"tangible_book_per_share","1.89","1.78","1.88","1.98","2.07","2.22","2.26","2.38","2.52","2.62","2.7","2.71","2.83","2.92","3.1","3.19","3.35","3.43","3.52","3.3","3.48","3.62","3.87","4.1","4.28","4.33","4.45","4.59","4.6","4.76","","4.77","4.83","4.86","5.05","5.27","5.14","5.21","5.57","5.82","5.91","5.95","5.87","5.81","6.03","6.38","6.76","6.98","7.11","7.42","6.84","6.87","6.87","7.03","7.29","7.14","6.9","6.83","5.77","5.37","5.23","5.12","5.3","5.35","5.44","5.55","5.37","4.78","5.48","6.3","7.06","7.59","8.539999999999999","8.91","8.84","9.220000000000001","9.619999999999999"
"payout_ratio","0.15","0.22","0.27","0.18","0.17","0.21","0.25","0.19","0.15","0.22","0.5","0.49","0.84","0.58","0.54","0.1","0.16","0.33","0.25","0.24","0.22","0.32","0.5","0.36","0.24","0.36","0.27","0.26","0.24","0.33","0.29","0.25","0.23","0.36","0.3","0.31","0.3","0.5","0.22","0.29","0.24","0.41","0.32","0.31","0.22","0.38","0.31","0.29","0.21","0.36","0.29","0.33","0.22","0.36","0.26","0.3","0.32","0.43","-0.35","0.29","0.3","0.42","0.32","0.35","0.26","0.35","0.46","-0.48","0.26","0.35","0.31","0.3","0.24","0.37","0.35","0.34","0.33"
"revenue_growth","0.08","0.13","0.21","0.17","0.18","0.11","0.14","0.07000000000000001","0.08","0.1","0.09","0.08","0.09","0.1","0.09","0.09","0.11","0.14","0.16","0.16","0.17","0.06","-0.02","-0.07000000000000001","-0.12","-0.04","0.07000000000000001","0.08","0.08","0.1","0.07000000000000001","-0.01","0.18","0.15","0.11","0.24","0.06","0.07000000000000001","0.09","0.07000000000000001","0.08","0.08","0.13","0.11","0.15","0.15","0.07000000000000001","0.05","0.05","0.04","0.08","0.06","0.08","0.06","0.05","0.05","","0.05","0.07000000000000001","0.13","0.1","0.1","0.07000000000000001","0.04","0.07000000000000001","0.1","0.05","-0.38","-0.01","0.09","0.03","0.96","0.16","0.01","0.05","-0.01","0.04"
"gross_profit_growth","0.12","0.19","0.25","0.23","0.22","0.16","0.19","0.1","0.1","0.09","0.08","0.04","0.06","0.1","0.1","0.09","0.13","0.16","0.18","0.21","0.23","0.07000000000000001","-0.05","-0.12","-0.14","-0.04","0.14","0.18","0.1","0.12","0.05","-0.07000000000000001","0.11","0.08","0.07000000000000001","0.19","0.05","0.06","0.1","0.1","0.11","0.12","0.13","0.15","0.19","0.18","0.1","0.06","0.07000000000000001","0.05","0.08","0.05","0.03","0.03","0.02","0.01","-0.04","0.02","0.05","0.15","0.11","0.12","0.1","0.06","0.11","0.11","0.03","-0.49","-0.03","0.07000000000000001","0.05","1.4","0.2","0.08","0.07000000000000001","-0.03","-0.01"
"ebitda_growth","0.21","0.22","0.43","0.19","0.14","0.28","0.23","0.08","0.24","0.08","0.14","-0.05","-0.11","-0.05","-0.07000000000000001","0.26","0.14","0.15","0.37","-0.01","0.09","0.03","-0.08","0.08","-0.05","-0.03","0.1","0.03","0.1","0.21","0.04","0.13","0.19","0.05","0.16","-0.08","-0.08","0.12","0.07000000000000001","0.25","0.35","0.07000000000000001","0.11","0.04","0.14","0.19","0.13","0.07000000000000001","0.13","0.05","0.07000000000000001","0.01","-0.11","0.17","0.1","0.14","-0.08","-0.15","-0.04","0.08","0.17","0.04","0.04","-0.03","0.13","0.23","0.21","-1.44","0.15","0.3","0.04","4.47","0.16","-0.1","0.01","-0.17","-0.19"
"operating_income_growth","0.21","0.18","0.49","0.23","0.19","0.4","0.28","0.11","0.26","0.1","0.15","-0.04","-0.13","-0.05","0.01","0.24","0.17","0.13","0.31","","0.08","0.02","-0.07000000000000001","0.01","-0.05","-0.04","0.1","0.03","0.14","0.21","0.05","0.21","0.14","0.11","0.13","-0.06","-0.12","0.08","0.12","0.19","0.4","0.06","0.07000000000000001","0.04","0.16","0.21","0.12","0.07000000000000001","0.14","0.06","0.07000000000000001","0.02","-0.14","0.18","0.12","0.14","-0.1","-0.18","-0.07000000000000001","0.09","0.21","0.06","0.07000000000000001","-0.02","0.16","0.27","-0.05","-1.68","0.14","0.3","0.41","3.28","0.2","-0.08","-0.03","-0.23","-0.2"
"pretax_income_growth","0.2","0.2","0.64","0.26","0.26","0.47","0.35","0.15","0.31","0.15","0.23","-0.05","-0.13","-0.04","0.02","0.29","0.16","0.15","0.29","-0.02","0.07000000000000001","0.01","-0.65","-0.25","-0.05","-0.06","1.81","0.4","0.11","0.24","0.07000000000000001","0.16","0.13","0.04","0.11","-0.09","-0.06","0.13","0.09","0.23","0.3","","0.03","0.03","0.18","0.23","0.19","0.15","0.18","0.1","0.09","0.02","-0.11","0.15","0.17","0.09","-0.16","-0.21","-0.12","0.04","0.18","0.13","0.11","0.02","0.23","0.25","-0.32","-1.65","0.1","0.17","0.86","3.31","0.23","0.03","0.02","-0.26","-0.13"
"net_income_growth","6.34","0.18","0.61","0.24","0.25","0.46","0.36","0.15","0.32","0.15","0.19","-0.05","-0.13","0.08","0.08","0.32","0.51","0.1","0.32","0.12","-0.1","0.09","-0.47","-0.3","","-0.04","1.04","0.53","0.09","0.22","0.05","0.14","0.15","0.03","0.07000000000000001","-0.1","-0.12","-0.18","0.55","0.22","0.37","0.39","-0.21","0.07000000000000001","0.23","0.23","0.16","0.24","0.23","0.2","0.2","-0.02","0.06","0.07000000000000001","0.2","0.19","-0.24","-0.09","-1.81","0.13","0.15","0.1","2.2","-0.13","0.25","0.32","-0.23","-1.8","0.11","0.12","0.71","2.91","0.23","0.07000000000000001","-0.04","-0.05","-0.22"
"eps_diluted_growth","6.35","0.17","0.58","0.23","0.23","0.46","0.35","0.16","0.33","0.18","-0.38","-0.51","-0.54","-0.44","0.09","4.93","2.01","1.23","1.71","-0.48","-0.08","0.12","-0.46","-0.29","0.01","-0.05","1.02","0.5","0.1","0.24","0.07000000000000001","0.18","0.19","0.06","0.11","-0.05","-0.1","-0.16","0.58","0.25","0.41","0.4","-0.21","0.07000000000000001","0.27","0.25","0.19","0.26","0.23","0.22","0.23","","0.09","0.1","0.24","0.22","-0.22","-0.07000000000000001","-1.84","0.16","0.18","0.13","2.19","-0.11","0.28","0.35","-0.22","-1.82","0.1","0.11","0.7","2.82","0.22","0.06","-0.03","-0.03","-0.2"
"shares_diluted_growth","-0.02","0.02","0.02","0.01","0.01","-0.01","","-0.01","-0.01","-0.02","-0.02","-0.01","-0.07000000000000001","-0.03","-0.04","-0.04","0.01","-0.01","-0.01","-0.01","-0.03","-0.03","-0.03","-0.03","-0.01","0.01","0.01","0.01","-0.01","-0.01","-0.01","-0.03","-0.03","-0.04","-0.04","-0.02","-0.05","-0.03","-0.02","-0.02","0.01","","-0.01","-0.02","-0.03","-0.03","-0.02","-0.02","-0.01","-0.01","-0.02","-0.02","-0.03","-0.03","-0.03","-0.03","-0.02","-0.02","-0.04","0.04","-0.03","-0.02","-0.01","-0.08","-0.02","-0.02","-0.01","-0.02","","0.01","0.02","0.02","0.02","","","-0.01","-0.02"
"cash_and_equiv_growth","1.32","0.74","1.06","0.31","-0.07000000000000001","0.22","0.34","0.68","0.7","-0.04","0.2","-0.31","-0.35","-0.03","0.28","0.95","0.92","1.24","0.19","0.15","-0.18","-0.3","-0.16","0.07000000000000001","0.39","0.18","0.18","0.34","-0.11","-0.13","-1","-0.37","-0.2","0.09","","0.19","0.35","0.19","0.27","0.44","0.36","-0.09","-0.27","-0.33","-0.22","0.09","0.62","0.74","0.41","0.6899999999999999","0.01","-0.19","-0.18","0.13","0.32","0.21","0.28","-0.01","-0.09","0.12","-0.04","-0.2","0.01","0.05","0.05","-0.1","-0.23","0.87","1.36","1.81","1.97","0.18","0.32","0.25","0.02","-0.13","-0.33"
"ppe_growth","-0.04","","","-0.01","0.01","0.01","0.01","","","-0.02","-0.02","0.03","0.04","0.05","0.04","0.01","0.04","0.07000000000000001","0.1","0.13","0.09","0.06","0.04","0.04","0.06","0.06","0.04","-0.01","","-0.01","-1","0.09","0.1","0.09","","0.04","0.06","0.04","0.02","0.11","0.12","0.17","0.21","0.16","0.13","0.11","0.05","0.06","0.07000000000000001","0.11","0.16","0.17","0.15","0.1","0.14","0.13","0.14","0.15","0.13","0.12","0.1","0.11","0.09","0.07000000000000001","0.66","0.65","0.64","0.68","0.09","0.07000000000000001","0.05","0.01","-0.02","-0.03","-0.04","-0.04","-0.04"
"total_assets_growth","0.1","0.18","0.19","0.16","0.15","0.16","0.14","0.11","0.13","0.07000000000000001","0.1","0.12","0.05","0.07000000000000001","0.07000000000000001","0.08","0.15","0.17","0.15","0.16","0.14","0.1","0.04","0.06","0.05","0.06","0.11","0.09","0.07000000000000001","0.08","-1","0.04","0.05","0.01","","0.03","0.02","0.04","0.06","0.13","0.17","0.17","0.14","0.06","0.05","0.08","0.15","0.16","0.12","0.18","0.02","-0.01","0.02","","0.1","0.09","0.12","0.06","-0.03","-0.03","-0.05","-0.06","0.02","0.05","0.17","0.17","0.14","0.32","0.27","0.31","0.38","0.2","0.14","0.12","0.07000000000000001","0.07000000000000001","0.08"
"total_equity_growth","0.15","0.16","0.19","0.2","0.19","0.22","0.19","0.18","0.19","0.14","0.15","0.11","0.04","0.08","0.09","0.12","0.18","0.15","0.11","0.11","0.09","0.08","0.08","0.11","0.13","0.14","0.15","0.12","0.06","0.08","-1","0.01","0.02","-0.01","","0.05","0.01","0.02","0.05","0.07000000000000001","0.12","0.13","0.04","-0.02","-0.02","0.03","0.11","0.17","0.16","0.15","-0.01","-0.04","-0.06","-0.08","0.03","0.01","-0.01","-0.05","-0.23","-0.21","-0.25","-0.26","-0.08","-0.08","0.02","0.07000000000000001","0.01","-0.11","","0.14","0.32","0.58","0.55","0.4","0.24","0.2","0.1"
"cfo_growth","1.01","0.86","6.16","0.1","0.05","-0.08","0.58","-0.1","-0.29","0.23","-0.34","0.46","-0.11","-0.35","0.74","0.35","0.38","1.03","-0.05","-0.34","0.12","-0.55","-0.93","0.7","0.98","1.38","20.24","0.19","-0.7","-0.35","-0.37","-0.34","-0.59","0.17","0.02","0.07000000000000001","5.15","0.39","0.36","0.49","0.16","-0.54","0.65","-0.01","0.11","1.62","1.43","0.01","-0.28","-0.37","-0.51","0.11","0.6","0.8","0.27","-0.35","-0.27","0.35","-0.29","1.36","1.26","0.15","0.36","-0.11","-0.7","-0.4","0.1","-1","1.24","1.71","0.09","2013","0.26","0.11","-0.87","-0.43","-0.68"
"capex_growth","-0.04","-0.1","-0.12","-0.5","-0.3","-0.49","-0.01","-0.2","-0.11","-0.6","-0.2","-0.34","-0.24","0.22","0.48","0.05","-0.27","-0.33","-1.6","-0.62","-0.02","-0.07000000000000001","-0.22","0.34","0.15","0.21","0.39","0.08","-0.11","-0.1","-0.67","-0.36","-0.27","-0.42","-0.07000000000000001","-0.43","0.05","0.01","-0.46","0.06","-1.28","-0.43","-0.26","-0.21","-0.07000000000000001","-0.1","-0.06","-0.14","-0.22","-0.28","-0.22","-0.01","0.13","0.18","0.08","-0.36","0.03","0.03","0.13","0.1","-0.27","-0.26","0.06","0.08","0.17","0.17","-0.27","-0.06","0.38","0.29","0.36","0.4","-0.05","-0.06","0.13","-0.39","-0.43"
"fcf_growth","1.29","1.02","8.25","0.06","0.02","-0.14","0.79","-0.14","-0.36","0.15","-0.45","0.48","-0.22","-0.39","1.29","0.41","0.43","1.29","-0.22","-0.45","0.16","-0.6899999999999999","-1.32","1.04","1.38","2.52","6.19","0.22","-0.8","-0.42","-0.53","-0.4","-1.21","0.1","-0.01","","17.46","0.55","0.31","0.63","-0.13","-0.78","0.9","-0.04","0.13","4.07","2.02","-0.01","-0.59","-0.6","-0.62","0.13","1.95","1.91","0.44","-0.49","-0.4","0.47","-0.35","2.12","2.14","0.13","0.53","-0.12","-0.89","-0.46","0.06","-1.17","5.42","2.42","0.23","7.34","0.31","0.12","-0.99","-0.51","-0.9"
"shares_eop","2099.35","2104.99","2111.94","2104.8","2099.82","2112.51","2100.23","2088.8","2083.26","2074.14","2068.94","2048","2005.65","2015.97","2022.05","2008.43","1994.8","1989.02","2021.2","1964.4","1940.89","1936.29","1937.39","1942","1948.04","1949.81","1934.8","1936","1911.49","1913.98","1896.52","1872","1854.67","1835.65","1833.47","1832","1802.21","1791.42","1787.23","1788","1778","1776","1762","1740","1728","1728","1720","1714","1708","1707","1685","1682","1668","1656","1652","1643","1637","1624","1611.76","1601","1589","1577","1573","1568","1560","1559","1555","1558","1565","1575","1579","1578","1583","1583","1576","1571","1568.56"
"dividends","0.02","0.02","0.03","0.03","0.03","0.03","0.03","0.03","0.03","0.03","0.04","0.04","0.08","0.05","0.05","0.05","0.05","0.06","0.06","0.06","0.06","0.06","0.06","0.06","0.06","0.07000000000000001","0.07000000000000001","0.07000000000000001","0.07000000000000001","0.08","0.08","0.08","0.08","0.09","0.09","0.09","0.09","0.11","0.11","0.11","0.11","0.12","0.12","0.12","0.12","0.14","0.14","0.14","0.14","0.16","0.16","0.16","0.16","0.18","0.18","0.18","0.18","0.2","0.2","0.2","0.2","0.22","0.22","0.22","0.22","0.25","0.25","0.25","0.25","0.28","0.28","0.28","0.28","0.31","0.31","0.31","0.31"
"price_to_earnings","19.06","21.82","21.81","19.79","19.54","20.43","19.56","17.72","15.6","16.3","15.94","14.77","15.15","18.32","19.05","19.11","16.69","19","16.62","17.82","16.12","13.89","12.29","18.63","18.12","21.47","18.94","18.38","17.13","20.25","20.48","18.53","18.1","19.79","21.81","22.41","20.57","21.32","20.67","22.3","20.81","24.8","26.03","24.85","23.6","28.63","26.89","26.62","27.35","31.19","27.46","24.7","25.1","21.33","23.16","20.53","21.94","25.36","59.89","59.47","62.95","54.97","32.28","30.02","30.63","31.88","32.19","60.49","65.09999999999999","75.06999999999999","62.08","37.6","42.87","43.43","35.19","30.88","29.61"
"price_to_book","3.54","4.05","4.24","3.91","3.93","4.18","4.21","3.8","3.44","3.64","3.59","3.27","3.26","3.81","3.86","4.06","3.82","4.36","4","4.29","3.66","3.18","2.45","3.19","2.97","3.43","3.47","3.59","3.46","4.14","","4.01","4.06","4.49","4.86","4.77","4.37","4.36","4.56","4.97","4.95","6.2","6.2","6.18","6.11","7.33","6.75","6.86","7.4","8.42","8.44","7.58","7.9","6.73","7.42","7.02","7.21","8.34","11.04","11.72","14.53","13.57","15.05","13.38","14.33","15.59","15.37","19.07","18.98","19.94","17.84","16.87","18.18","17.95","14.53","12.22","10.55"
"price_to_sales","1.37","1.57","1.65","1.53","1.54","1.71","1.69","1.56","1.46","1.54","1.53","1.37","1.33","1.6","1.66","1.75","1.67","1.89","1.7","1.8","1.52","1.31","1.03","1.44","1.46","1.72","1.75","1.84","1.73","2.08","2.09","1.96","1.91","2.03","2.22","2.11","1.83","1.8","1.96","2.18","2.16","2.67","2.55","2.41","2.36","2.88","2.76","2.85","3.08","3.6","3.25","2.87","2.91","2.47","2.78","2.53","2.52","2.82","3.06","3.16","3.5","3.11","3.48","3.09","3.31","3.57","3.37","4.11","4.69","5.55","5.53","4.83","5.65","5.79","4.6","4","3.54"
"price_to_tangible_book","3.71","4.58","4.76","4.37","4.41","4.66","4.67","4.21","3.79","3.99","3.92","3.58","3.56","4.16","4.18","4.39","4.12","4.7","4.29","5.06","4.26","3.64","2.66","3.45","3.2","3.7","3.73","3.85","3.72","4.44","","4.32","4.39","4.85","5.24","5.02","4.71","4.59","4.79","5.17","5.19","6.49","6.5","6.43","6.35","7.6","6.99","7.09","7.65","8.69","8.73","7.84","8.19","6.97","7.68","7.26","7.47","8.65","11.54","12.26","15.27","14.29","15.82","14.06","15.16","16.47","16.26","20.32","20.06","20.91","18.64","17.57","18.85","18.58","15.12","12.69","10.94"
"price_to_fcf","16.15","15.88","15.04","14.23","14.95","17.63","16.46","16.26","17","17.58","19.76","15.39","15.68","21.71","19.72","17.88","16.91","16.7","16.18","22.55","19.28","22.07","24.57","21.1","16.08","15.14","12.48","12.39","14.4","19.8","22.86","28.64","32.63","34.95","39.26","39.27","25.56","22.76","24.55","22.65","23.47","36.24","31.6","31.36","31.09","31.82","22.36","23.42","27.51","36.56","48.91","41.01","36.94","26.81","28.16","31.76","34.1","33.99","41.71","29.25","28.5","25.08","26.86","25.28","33.49","43.21","40.57","109.78","87.77","58.51","55.51","36.12","42.18","41.49","40.16","42.15","46.43"
"market_cap","14947.372","17702.9659","19345.3704","18711.672","19759.3062","22350.3558","22829.5001","21472.864","20540.9436","22110.3324","22447.999","20561.92","20257.065","24937.5489","26407.973","28499.6217","28106.732","32639.8182","30419.06","33571.596","29404.4835","25772.0199","20110.1082","27692.92","26980.354","31625.9182","32698.12","35041.6","33451.075","41207.9894","42216.5352","39517.92","40172.1522","44147.3825","49467.0206","49555.6","43865.7914","43656.9054","48666.2729","55124.04","55846.98","70276.32000000001","68982.3","66920.39999999999","67875.84","85795.2","83523.2","87139.75999999999","95443.03999999999","112900.98","103779.15","92880.03999999999","96143.52","82915.92","94428.32000000001","87062.57000000001","86449.97","98024.64","108036.2728","114951.8","130615.8","118464.24","134853.29","120955.52","131820","145750.91","138985.9","153587.64","175107.85","212152.5","212817.62","215333.88","260783.42","267906.92","215202.8","186713.35","166973.212"
"period_end_price","7.12","8.41","9.16","8.890000000000001","9.41","10.58","10.87","10.28","9.859999999999999","10.66","10.85","10.04","10.1","12.37","13.06","14.19","14.09","16.41","15.05","17.09","15.15","13.31","10.38","14.26","13.85","16.22","16.9","18.1","17.5","21.53","22.26","21.11","21.66","24.05","26.98","27.05","24.34","24.37","27.23","30.83","31.41","39.57","39.15","38.46","39.28","49.65","48.56","50.84","55.88","66.14","61.59","55.22","57.64","50.07","57.16","52.99","52.81","60.36","67.03","71.8","82.2","75.12","85.73","77.14","84.5","93.48999999999999","89.38","98.58","111.89","134.7","134.78","136.46","164.74","169.24","136.55","118.85","106.45"
