"period_end_date","2003-04","2003-07","2003-10","2004-01","2004-04","2004-07","2004-10","2005-01","2005-04","2005-07","2005-10","2006-01","2006-04","2006-07","2006-10","2007-01","2007-04","2007-07","2007-10","2008-01","2008-04","2008-07","2008-10","2009-01","2009-04","2009-07","2009-10","2010-01","2010-04","2010-07","2010-10","2011-01","2011-04","2011-07","2011-10","2012-01","2012-04","2012-07","2012-10","2013-01","2013-04","2013-07","2013-10","2014-01","2014-04","2014-07","2014-10","2015-01","2015-04","2015-07","2015-10","2016-01","2016-04","2016-07","2016-10","2017-01","2017-04","2017-07","2017-10","2018-01","2018-04","2018-07","2018-10","2019-01","2019-04","2019-07","2019-10","2020-01","2020-04","2020-07","2020-10","2021-01","2021-04","2021-07","2021-10","2022-01","2022-04","2022-07","2022-10"
"revenue","10322","9594","9827","13676","10180","10556","10909","15194","11477","11990","12206","16947","12863","13347","13570","19710","14041","14620","14835","19871","14802","15472","15114","19560","14833","15067","15276","20181","15593","15532","15605","20661","15935","16240","16402","21288","16867","16779","16929","22726","16706","17117","17258","20198","16657","16957","17254","21750","17119","17427","17613","21626","16196","16169","16441","21466","16223","16634","16874","22983","16781","17776","17821","22977","17627","18422","18665","23399","19615","22975","22632","28339","24197","25160","25652","30996","25170","26037","26518"
"cogs","6764","6450","6643","9339","6769","7182","7319","10348","7556","8015","8235","11718","8633","8856","9073","13544","9356","9696","9993","13762","9898","10304","10130","15434","10320","10302","10610","14350","10692","10507","10760","14625","10926","10958","11274","15149","11661","11405","11675","16296","11563","11745","12133","14598","11748","11798","12171","15562","11911","12051","12440","15839","11185","11172","11536","15188","11199","11419","11712","16795","11625","12239","12535","16899","12248","12625","12935","17056","14510","15673","15509","20485","16716","17280","18206","22761","18461","20142","19680"
"gross_profit","3558","3144","3184","4337","3411","3374","3590","4846","3921","3975","3971","5229","4230","4491","4497","6166","4685","4924","4842","6109","4904","5168","4984","4126","4513","4765","4666","5831","4901","5025","4845","6036","5009","5282","5128","6139","5206","5374","5254","6430","5143","5372","5125","5600","4909","5159","5083","6188","5208","5376","5173","5787","5011","4997","4905","6278","5024","5215","5162","6188","5156","5537","5286","6078","5379","5797","5730","6343","5105","7302","7123","7854","7481","7880","7446","8235","6709","5895","6838"
"sga","2536","2185","2344","2798","2346","2289","2633","3093","2674","2650","2786","3254","2879","2987","3151","3803","3093","3253","3455","3829","3311","3500","3648","2495","3015","3136","3255","3673","3143","3263","3345","3720","3233","3473","3525","3876","3392","3588","3704","3957","3590","3698","3853","3325","3376","3599","3644","4057","3514","3495","3736","3920","3153","3249","3339","4476","3353","3601","3733","4454","3545","3865","3937","4376","3663","3912","4153","4505","4060","4460","4647","5448","4509","4849","4859","5535","4762","5002","5219"
"rnd","","","","","","","","","","","","","","","","","","","","","","","","","","","","","","","","","","","","","","","","","","","","","","","","","","","","","","","","","","","","","","","","","","","","","","","","","","","","","","",""
"special_charges","","","","","","","","","","","","","","","","","","","","","","","","","","","","","","","","","","","","","","","","","","","","","","","","","","","","","","","","","","","","","","","","","","","","","","","","","","","","","","",""
"other_opex","317","274","277","286","292","299","324","344","340","346","354","369","334","370","389","402","392","404","429","434","435","448","469","474","472","478","537","536","516","496","533","539","512","509","546","563","529","531","542","441","536","542","569","348","511","537","535","545","540","551","561","318","546","500","505","559","516","521","582","605","570","539","530","585","581","561","575","640","577","542","541","570","598","564","577","605","601","572","597"
"total_opex","2853","2459","2621","3084","2638","2588","2957","3437","3014","2996","3140","3623","3213","3357","3540","4205","3485","3657","3884","4263","3746","3948","4117","2969","3487","3614","3792","4209","3659","3759","3878","4259","3745","3982","4071","4439","3921","4119","4246","4398","4126","4240","4422","3673","3887","4136","4179","4602","4054","4046","4297","4238","3699","3749","3844","5035","3869","4122","4315","5059","4115","4404","4467","4961","4244","4473","4728","5145","4637","5002","5188","6018","5107","5413","5436","6140","5363","5574","5816"
"operating_income","705","685","563","1253","773","786","633","1409","907","979","831","1606","1017","1134","957","1961","1200","1267","958","1846","1158","1220","867","1157","1026","1151","874","1622","1242","1266","967","1777","1264","1300","1057","1700","1285","1255","1008","2032","1017","1132","703","1927","1022","1023","904","1586","1154","1330","876","1549","1312","1248","1061","1243","1155","1093","847","1129","1041","1133","819","1117","1135","1324","1002","1198","468","2300","1935","1836","2374","2467","2010","2095","1346","321","1022"
"net_interest_income_normal","","","","","","","","","","","","","","","","","","","","","","","","","-202","-194","-191","-216","-187","-185","-194","-190","-183","-191","-200","-292","-184","-184","-192","-126","-629","-171","-165","-84","-152","-433","-146","-152","-155","-148","-151","-152","-415","-307","-142","-127","-140","-131","-251","-132","-121","-115","-115","-109","-126","-120","-113","-118","-117","-122","-632","-106","-108","-104","-105","-104","-112","-112","-125"
"other_nonoperating_income","-142","-154","-131","-129","-143","-207","-113","-137","-111","-110","-118","-124","-131","-140","-149","-151","-136","-154","-177","-180","-201","-217","-234","-214","","","","3","","","","","","","","","","","156","5","391","","","","","","","","","","","620","","","","88","15","15","15","15","7","4","9","6","12","13","12","-29","-22","11","-5","","343","7","6","26","15","8","12"
"pretax_income","563","531","432","1124","630","579","520","1272","796","869","713","1482","886","994","808","1810","1064","1113","781","1666","957","1003","633","943","824","957","683","1409","1055","1081","773","1587","1081","1109","857","1408","1101","1071","972","1911","779","961","538","1843","870","590","758","1434","999","1182","725","2017","897","941","919","1204","1030","977","611","1012","927","1022","713","1014","1021","1217","901","1051","329","2189","1298","1730","2609","2370","1911","2017","1249","217","909"
"income_tax","-214","-202","-161","-425","-238","-219","-196","-493","-302","-329","-278","-543","-332","-385","-302","-691","-413","-427","-298","-638","-355","-369","-264","-334","-302","-363","-247","-473","-384","-402","-238","-552","-392","-405","-302","-427","-404","-367","-335","-634","-281","-350","-197","-600","-299","-199","-232","-474","-348","-409","-249","-596","-283","-316","-311","-385","-355","-307","-135","76","-210","-223","-97","-216","-229","-279","-195","-218","-45","-499","-284","-350","-512","-553","-423","-473","-240","-34","-197"
"net_income_continuing","349","329","271","699","392","360","324","779","494","540","435","939","554","609","506","1119","651","686","483","1028","602","634","369","609","522","594","436","936","671","679","535","1035","689","704","555","981","697","704","637","1277","498","611","341","1243","571","391","526","960","651","773","476","1421","614","625","608","819","675","670","476","1088","717","799","616","798","792","938","706","833","284","1690","1014","1380","2097","1817","1488","1544","1009","183","712"
"net_income_discontinued","","29","31","101","40","1050","207","16","","","","","","","","","","","","","","","","","","","","","","","","","","","","","","","","","","","","","-153","-157","-174","-3600","-16","-20","73","5","18","55","","-5","3","1","2","-1","1","","6","","3","","8","1","","","","","","","","","","",""
"income_allocated_to_minority_interest","","","","","","","","","","","","","","","","","","","","","","","","","","","","","","","","","","","","","","","","","","","","","","","","","","","","","","","","","","","","","","","","","","","","","","","","","","","","","","",""
"other_income_statement_items","","","","","","","","","","","","","","","","","","","","","","","","","","","","","","","","","","","","","","","","","","","","","","","","","","","","","","","","","","","","","","","","","","","","","","","","","","","","","","",""
"net_income","349","358","302","800","432","1410","531","825","494","540","435","939","554","609","506","1119","651","686","483","1028","602","634","369","609","522","594","436","936","671","679","535","1035","689","704","555","981","697","704","637","961","498","611","341","520","418","234","352","-2640","635","753","549","1426","632","680","608","814","678","671","478","1087","718","799","622","798","795","938","714","834","284","1690","1014","1380","2097","1817","1488","1544","1009","183","712"
"preferred_dividends","","","","","","","","","","","","","","","","","","","","","","","","","","","","","","","","","","","","","","","","","","","","","","","","","","","","","","","","","","","","","","","","","","","","","","","","","","","","","","",""
"net_income_available_to_shareholders","349","358","302","800","432","1410","531","825","494","540","435","939","554","609","506","1119","651","686","483","1028","602","634","369","609","522","594","436","936","671","679","535","1035","689","704","555","981","697","704","637","961","498","611","341","520","418","234","352","-2640","635","753","549","1426","632","680","608","814","678","671","478","1087","718","799","622","798","795","938","714","834","284","1690","1014","1380","2097","1817","1488","1544","1009","183","712"
"eps_basic","0.38","0.39","0.33","0.58","0.47","1.55","0.59","0.92","0.5600000000000001","0.61","0.49","1.07","0.64","0.71","0.59","1.3","0.76","0.8100000000000001","0.57","1.23","0.75","0.82","0.49","0.8","0.6899999999999999","0.79","0.58","1.25","0.91","0.93","0.75","1.44","0.99","1.03","0.82","1.46","1.05","1.07","0.97","1.48","0.78","0.96","0.54","0.82","0.66","0.37","0.55","-4.14","0.99","1.18","0.88","2.33","1.06","1.17","1.07","1.46","1.23","1.22","0.88","2.03","1.34","1.5","1.18","1.54","1.54","1.83","1.4","1.65","0.57","3.38","2.02","2.76","4.2","3.68","3.07","3.24","2.17","0.4","1.55"
"eps_diluted","0.38","0.39","0.33","0.58","0.47","1.53","0.59","0.92","0.55","0.61","0.49","1.06","0.63","0.7","0.59","1.29","0.75","0.8","0.5600000000000001","1.22","0.74","0.82","0.49","0.8","0.6899999999999999","0.79","0.58","1.24","0.9","0.92","0.74","1.43","0.99","1.03","0.82","1.44","1.04","1.06","0.96","1.47","0.77","0.95","0.54","0.8100000000000001","0.66","0.37","0.55","-4.14","0.98","1.18","0.87","2.32","1.05","1.16","1.06","1.45","1.22","1.22","0.87","2.02","1.33","1.49","1.17","1.52","1.53","1.82","1.39","1.63","0.5600000000000001","3.35","2.01","2.73","4.17","3.65","3.04","3.21","2.16","0.39","1.54"
"shares_basic","910.3","910.8","911.3","1332.769","912.6","911.5","896","895.1","887","883.3","881.2","876.6","870.7","860.8","857.8","858.3","855.9","850.8","845.6","829.2","805.5","770.3","753.5","752.4","752.2","752","751.8","752","739.9","731.1","715.4","708","693","680.8","673.2","669.8","666.3","656.7","654.8","648.9","642.1","634.8","631.3","632.4","633.3","633.5","634","638","640.9","635.8","623.7","610.3","598.3","582.2","570.1","559.9","552.4","549.3","544.5","541.1","536.9","531.7","525.9","519.9","515.7","512.1","509.7","506.1","501","500.1","500.6","500.6","498.6","493.1","484.8","475.8","464","461.5","460.3"
"shares_diluted","915.1","918.1","918","1360.064","921.4","919.2","905","902.8","893.5","891.2","887","885","877.6","867.2","864.4","865.3","862.8","857.4","851","834.3","809.6","773.9","756.6","754.1","753","754.4","755.7","756.3","745.7","736.6","721","714.4","697","685.1","678.3","674.9","672.4","662.9","662.2","655.8","649.5","642","637.4","638.2","638.2","638.4","639.6","644.3","646.4","641","628.8","615.5","603.8","586.8","574.8","564.5","555.2","551.9","547.9","545.8","541","536.3","531.2","524.2","519.5","516.1","514.8","512","505.8","504.4","505.4","506","503.4","497.5","489.4","480.4","467.8","463.6","462.5"
"cash_and_equiv","452","429","495","708","622","1735","1587","2245","1152","696","503","1648","989","477","451","813","969","555","627","2450","620","1527","918","562","1371","957","864","583","563","568","","583","552","890","821","794","657","612","1469","784","1819","1018","706","670","715","803","780","2210","2768","2742","1977","1038","4036","1480","1231","2512","2680","2291","2725","737","1060","1180","825","787","1173","1656","969","767","4566","7284","5996","867","7816","7368","5753","926","1112","1117","954"
"st_investments","","","","","","","","","","","","","","","","","","","","","","","","302","","","","1617","1015","972","","1129","872","","","","18","830","","","","","","","","","","","","","","3008","","","","","","","","1906","","","","769","","","","1810","","","","7644","","","","4985","","",""
"receivables","5275","5343","5367","4621","5379","4365","4551","5069","4857","5012","5127","6226","5368","5540","5634","6757","6006","6397","7120","8651","7830","7980","7999","8084","7452","7288","7023","6966","6330","6137","","6153","5721","5722","5713","6930","5548","5540","","1099","","","","1106","","","","1126","","","","736","","","","749","","","","929","","","","1100","","","","962","","","","1135","","","","1353","","",""
"inventories","4944","4944","6269","4531","5387","4914","6559","5384","5407","5628","7488","5838","6030","6275","7797","6254","6387","6645","8746","6780","6836","7313","9050","6705","6993","7528","9382","7179","7249","7728","","7596","7696","7926","9890","7918","7670","7733","9533","7903","8099","8441","10376","8278","8450","8918","11066","8282","8610","8269","10374","8601","8459","8631","10057","8309","7986","8257","10586","8597","8652","9112","12393","9497","9060","9122","11396","8992","8584","8876","12712","10653","10539","11259","14958","13902","15083","15320","17117"
"other_current_assets","1321","1257","1153","3092","987","2024","1080","1224","1039","1001","1293","693","1169","1297","1466","882","1347","1535","1841","1025","1473","1800","2272","1835","1735","1910","2314","2079","2065","1840","","1752","1527","1521","1948","807","1698","1700","7493","6602","1939","1944","2071","1519","1858","1833","1992","2006","1820","2347","2853","747","1453","1392","1554","420","1073","1072","1398","371","1164","1211","1421","366","1374","1341","1440","371","1465","1463","1601","457","1576","1604","1865","407","1758","2016","2322"
"total_current_assets","11992","11973","13284","12952","12375","13038","13777","13922","12455","12337","14411","14405","13556","13589","15348","14706","14709","15132","18334","18906","16759","18620","20239","17488","17551","17683","19583","18424","17222","17245","","17213","16368","16059","18372","16449","15591","16415","18495","16388","11857","11403","13153","11573","11023","11554","13838","13624","13198","13358","15204","14130","13948","11503","12842","11990","11739","11620","14709","12540","10876","11503","14639","12519","11607","12119","13805","12902","14615","17623","20309","20756","19931","20231","22576","21573","17953","18453","20393"
"equity_and_other_investments","","","","","","","","","","","","","","","","","","","","","","","","","","","","","","","","","","","","371","","","","269","","","","305","","","","322","","","","308","","","","345","","","","383","","","","380","","","","418","","","","450","","","","470","","",""
"ppe_gross","21346","22095","22697","19880","23394","20894","21626","22272","22696","23652","24452","25214","26035","26647","27563","28381","29233","30295","31142","31982","32743","33578","34323","34816","34995","35255","35626","35765","35657","36219","","37048","36984","39960","41075","41531","41659","42316","43051","43964","44091","44888","45635","40478","45522","45868","46073","41045","40753","41035","41393","41463","41109","41444","41848","42071","41947","42432","42992","44818","44696","45295","45984","46185","46181","46940","47624","48183","47911","48313","48736","49384","48943","49880","51056","51874","52526","54070","55530"
"accumulated_depreciation","-5683","-5890","-6069","-4727","-6093","-4914","-5153","-5412","-5368","-5629","-5879","-6176","-6421","-6390","-6637","-6950","-6973","-7268","-7536","-7887","-8077","-8426","-8798","-9060","-9195","-9543","-10035","-10485","-10445","-10818","","-11555","-11336","-11587","-12035","-12382","-12151","-12542","-12982","-13311","-13017","-13483","-13909","-14066","-14163","-14673","-15187","-15093","-14975","-15452","-15921","-16246","-16060","-16510","-16946","-17413","-17265","-17571","-17880","-18398","-17971","-18147","-18380","-18687","-18456","-18866","-19089","-19664","-19087","-19341","-19755","-20278","-19777","-20133","-20602","-21137","-21285","-21708","-22013"
"ppe_net","15663","16205","16628","15153","17301","15980","16473","16860","17328","18023","18573","19038","19614","20257","20926","21431","22260","23027","23606","24095","24666","25152","25525","25756","25800","25712","25591","25280","25212","25401","","25493","25648","28373","29040","29149","29508","29774","30069","30653","31074","31405","31726","26412","31359","31195","30886","25952","25778","25583","25472","25217","25049","24934","24902","24658","24682","24861","25112","26420","26725","27148","27604","27498","27725","28074","28535","28519","28824","28972","28981","29106","29166","29747","30454","30737","31241","32362","33517"
"intangible_assets","","","","","","","","","","","","","","","","","","","","","","","","","","","","","","","","","","","","183","","","","165","","","","180","","","","151","","","","144","","","","126","","","","79","","","","699","","","","53","","","","37","","","","25","","",""
"goodwill","","","","","","","","","","","","183","","","","212","","","","208","","","","","","","","","","","","","","","","59","","","","59","","","","151","","","","147","","","","133","","","","133","","","","630","","","","","","","","633","","","","631","","","","631","","",""
"other_lt_assets","1517","1456","1512","3311","1447","2277","1536","1511","1512","1559","1514","1369","1579","1577","1593","1000","1315","1307","1349","1351","1405","1368","1277","862","861","838","805","829","889","1009","","999","980","1067","1035","419","1076","1136","1015","629","1303","1354","1494","5932","1660","1706","1737","976","1470","1445","1020","330","911","851","859","179","797","885","887","251","1328","1345","1329","194","1287","1373","1401","254","1367","1405","1371","268","1374","1407","1381","375","1648","1655","1705"
"total_assets","29172","29634","31424","31416","31123","31295","31786","32293","31295","31919","34498","34995","34749","35423","37867","37349","38284","39466","43289","44560","42830","45140","47041","44106","44212","44233","45979","44533","43323","43655","","43705","42996","45499","48447","46630","46175","47325","49579","48163","44234","44162","46373","44553","44042","44455","46461","41172","40446","40386","41696","40262","39908","37288","38603","37431","37218","37366","40708","40303","38929","39996","43572","41290","40619","41566","43741","42779","44806","48000","50661","51248","50471","51385","54411","53811","50842","52470","55615"
"accounts_payable","4411","4470","5327","4956","4974","4740","6164","5779","5110","5472","6966","6268","5707","5868","7086","6575","5877","6101","7852","6721","5959","6606","7590","6337","6004","6233","7641","6511","6150","6228","","6625","6296","6519","8053","6857","6292","6505","8050","7056","6721","7078","8806","7335","6793","7263","9229","7759","6799","6944","8904","7418","6391","6811","8250","7252","6537","7584","9986","8677","8131","9116","11959","9761","8360","9152","11258","9920","9625","10726","14203","12859","11637","12632","16250","15478","14053","14891","15438"
"tax_payable","","","","","","","","","","","","","","","","","","","","","","","","","","","","","","","","","","","","804","","","","896","","","","745","","","","576","","","","1076","","","","729","","","","670","","","","601","","","","730","","","","1103","","","","1042","","",""
"current_accrued_liabilities","","","","","","","","1633","","","","","","","","1166","2523","2761","2812","380","3137","3030","3057","2913","2990","3004","3117","3120","3183","3057","","3326","3229","3721","3273","922","3671","3539","3631","1176","3915","3705","3623","1001","3770","3767","3801","1012","3673","3768","3868","982","3833","3544","3662","1035","4137","3790","4036","794","3630","3878","4096","902","3823","4059","4191","1004","4619","5057","5023","1114","5788","5600","5925","1279","5582","5905","6138"
"st_debt","713","767","1475","863","1362","606","506","504","4","753","752","753","1254","1257","2253","1362","1322","2160","2899","1964","1863","1723","2849","1262","1255","573","1640","1696","864","815","","119","1313","1380","2813","3036","2483","3285","2528","2994","523","1833","2122","1143","1477","306","495","91","112","841","825","815","1627","647","729","1718","1717","1354","1354","281","283","1044","1535","1052","1056","1153","1159","161","168","109","131","1144","1173","1190","1176","171","1089","1649","2207"
"current_deferred_revenue","","","","","","","","","","","","","","","","","","","","","","","","","","","","","","","","","","","","","","","","","","","","","","","","","","","","","","","","","","","","","","","","","","","","","","","","","","","","","","",""
"current_deferred_tax_liability","","","","","","","","","","","","","","","","","","","","","","","","","","","","","","","","","","","","","","","","","","","","","","","","","","","","","","","","","","","","","","","","","","","","","","","","","","","","","","",""
"other_current_liabilities","1677","1724","1794","2495","1899","2606","1815","304","2059","1812","1923","2567","2747","2535","2582","2014","375","","","2717","","","","","","","","","","","","","","","","2668","","","1500","1909","","","","2553","","","","2298","64","60","261","2331","168","1","1","1973","1","1","","2482","","","","2532","","","","2472","","","","3694","","","","3523","","",""
"total_current_liabilities","6801","6961","8596","8314","8235","7952","8485","8220","7173","8037","9641","9588","9708","9660","11921","11117","10097","11022","13563","11782","10959","11359","13496","10512","10249","9810","12398","11327","10197","10100","","10070","10838","11620","14139","14287","12446","13329","15709","14031","11159","12616","14551","12777","12040","11336","13525","11736","10648","11613","13858","12622","12019","11003","12642","12707","12392","12729","15376","13052","12044","14038","17590","15014","13239","14364","16608","14487","14412","15892","19357","20125","18598","19422","23351","21747","20724","22445","23783"
"lt_debt","11118","11088","11003","10155","9586","9057","9082","9034","9005","8226","9143","9119","8596","9351","9123","8675","10151","10152","11239","15126","13230","17932","17444","17490","17514","17441","15895","15118","14794","15737","","15607","14416","16160","16156","13447","14967","15229","14526","14654","13691","12655","12665","11429","12612","13852","13809","12634","12654","11883","11951","11945","12596","12063","12097","11031","11086","10892","11277","11117","11107","10108","10104","10223","11357","10365","10513","11338","14073","14188","12490","11536","11509","11589","11586","13549","13379","13453","14237"
"noncurrent_capital_leases","","","","","","","","","","","","","","","","","","","","","","","","","","","","","","","","","","","","","","","","","","","","","","","","","","","","","","","","","","","","1924","2007","2028","2046","2004","2064","2111","2208","2275","2249","2241","2196","2218","2337","2462","2494","2493","2581","2543","2590"
"pension_liabilities","","","","","","","","","","","","","","","","","","","","","","","","","","","","","","","","","","","","707","","","","637","","","","538","","","","564","","","","407","","","","352","","","","319","","","","321","","","","417","","","","398","","","","395","","",""
"noncurrent_deferred_revenue","1493","1541","1560","632","1839","1798","1821","973","973","973","973","851","804","768","714","577","430","408","421","470","493","534","589","455","487","494","804","835","916","740","","934","916","969","1199","1612","1209","1173","1279","1790","1295","1331","1466","1840","1381","1317","1279","1667","1359","1319","1316","1937","841","754","920","1964","869","784","944","1796","744","828","970","2014","1034","1082","1215","2154","1122","1121","1171","2048","1169","1146","1246","2617","1752","1862","2240"
"other_lt_liabilities","","","","1183","","122","","1037","1097","1161","1185","1232","1271","1271","1309","1347","1895","1930","1906","1875","3791","1858","1932","1937","1843","1886","1911","1906","1819","1810","","1607","1596","1644","1689","756","1690","1697","1713","493","1569","1540","1535","1738","1523","1517","1475","574","1611","1629","1315","394","1907","1891","1875","424","1850","1863","1974","444","1869","1827","1782","417","1808","1808","1652","275","1781","1980","2128","483","1899","1906","1931","183","1632","1575","1746"
"total_liabilities","19412","19590","21159","20284","19660","18929","19388","19264","18248","18397","20942","20790","20379","21050","23067","21716","22573","23512","27129","29253","28473","31683","33461","30394","30093","29631","31008","29186","27726","28387","","28218","27766","30393","33183","30809","30312","31428","33227","31605","27714","28142","30217","28322","27556","28022","30088","27175","26272","26444","28440","27305","27363","25711","27534","26478","26197","26268","29571","28652","27771","28829","32492","29993","29502","29730","32196","30946","33637","35422","37342","36808","35512","36525","40608","40984","40068","41878","44596"
"common_stock","","","","76","","","76","74","","","","73","72","71","72","72","71","71","70","68","66","63","63","63","63","63","63","62","62","60","","59","57","56","56","56","55","54","55","54","53","53","53","53","53","53","53","53","53","53","52","50","49","48","47","46","46","46","45","45","44","44","43","43","43","43","42","42","42","42","42","42","41","41","40","39","39","38","38"
"preferred_stock","","","","","","","","","","","","","","","","","","","","","","","","","","","","","","","","","","","","","","","","","","","","","","","","","","","","","","","","","","","","","","","","","","","","","","","","","","","","","","",""
"retained_earnings","","","8943","9523","10083","","12036","11148","11642","12182","12847","12013","12131","12087","12423","13417","13386","13451","13630","12761","11789","10861","10967","11443","11821","12266","12559","12947","13098","12690","","12698","12398","12213","12340","12959","12854","12774","13069","13155","12873","12285","12353","12599","12743","12611","12631","9644","9441","9099","8359","8188","7593","6579","6031","5884","5927","5961","5940","6495","6187","6058","5884","6017","5958","6461","6270","6433","5775","7121","7789","8825","9372","9200","8069","6920","5495","4421","4631"
"aoci","9760","10044","1322","3","","","-1055","-3","1405","1340","709","-2","-2","-2","-2","-243","-183","-178","-176","-178","-176","-174","-175","-556","-553","-549","-517","-581","-573","-567","","-581","-570","-548","-563","-681","-641","-652","-626","-576","-565","-653","-653","-891","-822","-792","-923","-599","-490","-481","-469","-629","-617","-612","-607","-638","-626","-616","-610","-747","-737","-723","-714","-805","-792","-782","-773","-868","-854","-833","-797","-756","-725","-713","-687","-553","-352","-369","-208"
"apic","","","","1530","1380","","1341","1810","","","","2121","2169","2217","2307","2387","2437","2610","2636","2656","2678","2707","2725","2762","2788","2822","2866","2919","3010","3085","","3311","3345","3385","3431","3487","3595","3721","3854","3925","4159","4335","4403","4470","4512","4561","4612","4899","5170","5271","5314","5348","5520","5562","5598","5661","5674","5707","5762","5858","5664","5788","5867","6042","5908","6114","6006","6226","6206","6248","6285","6329","6271","6332","6381","6421","5592","6502","6558"
"treasury_stock","","","","","","","","","","","","","","","","","","","","","","","","","","","","","","","","","","","","","","","","","","","","","","","","","","","","","","","","","","","","","","","","","","","","","","","","","","","","","","",""
"other_equity","","","","","","12366","","","","","","","","","","","","","","","","","","","","","","","","","","","","","","","","","","","","","","","","","","","","","","","","","","","","","","","","","","","","","","","","","","","","","","","","",""
"minority_interest_liability","","","","","","","","","","","","","","","","","","","","","","","","","","","","","","","","","","","","","","","","","","","","","","","","","","","","","","","","","","","","","","","","","","","","","","","","","","","","","","",""
"total_equity","9760","10044","10265","11132","11463","12366","12398","13029","13047","13522","13556","14205","14370","14373","14800","15633","15711","15954","16160","15307","14357","13457","13580","13712","14119","14602","14971","15347","15597","15268","","15487","15230","15106","15264","15821","15863","15897","16352","16558","16520","16020","16156","16231","16486","16433","16373","13997","14174","13942","13256","12957","12545","11577","11069","10953","11021","11098","11137","11651","11158","11167","11080","11297","11117","11836","11545","11833","11169","12578","13319","14440","14959","14860","13803","12827","10774","10592","11019"
"total_liabilities_and_equity","29172","29634","31424","31416","31123","31295","31786","32293","31295","31919","34498","34995","34749","35423","37867","37349","38284","39466","43289","44560","42830","45140","47041","44106","44212","44233","45979","44533","43323","43655","","43705","42996","45499","48447","46630","46175","47325","49579","48163","44234","44162","46373","44553","44042","44455","46461","41172","40446","40386","41696","40262","39908","37288","38603","37431","37218","37366","40708","40303","38929","39996","43572","41290","40619","41566","43741","42779","44806","48000","50661","51248","50471","51385","54411","53811","50842","52470","55615"
"cfo_net_income","349","358","302","610","392","360","324","809","494","540","435","939","554","608","506","1119","651","686","484","1028","602","635","368","609","522","594","436","936","671","679","535","1035","689","704","555","981","697","704","637","1277","498","612","341","1243","571","391","527","960","651","773","476","1421","614","625","608","819","675","670","475","1094","717","799","623","798","795","938","714","834","284","1690","1014","1380","2097","1817","1488","1544","1009","183","712"
"cfo_da","317","218","441","122","292","299","324","344","340","346","354","369","334","370","390","402","392","404","429","434","435","449","468","474","472","478","537","536","516","496","533","539","512","510","546","563","529","531","543","441","536","543","569","348","511","538","535","545","540","550","561","562","546","570","570","632","581","585","643","667","631","603","592","648","644","623","638","699","641","604","603","637","667","633","652","690","679","650","675"
"cfo_receivables","160","-396","41","-84","82","-46","-33","-212","90","-73","-43","-218","99","-82","-61","-182","48","-112","-196","-342","21","-171","-163","-145","160","-6","36","-247","201","40","","-319","149","-6","-23","-307","142","-26","-19","-314","2874","-14","","","","","","","","","","","","","","","","","","","","","","","","","","","","","","","","","","","","",""
"cfo_inventory","-184","41","-1365","929","58","-441","-1645","1175","-23","-221","-1860","1650","-192","-245","-1524","1530","-133","-258","-2101","1967","-56","-477","-1737","2347","-288","-535","-1854","2203","-70","-479","-1822","1954","-99","-231","-1964","1972","248","-63","-1800","1775","-175","-352","-1934","1957","372","-502","-2056","1674","180","-162","-2114","1780","142","-171","-1426","1748","323","-271","-2329","1929","-55","-460","-3281","2896","438","-63","-2274","2404","408","-292","-3836","2059","114","-720","-3699","1056","-1181","-237","-1797"
"cfo_prepaid_expenses","","","","","","","","","","","","","","","","","","","","","","","","","","","","","","","","","","","","","","","","","","","","","","","","","","","","","","","","","","","","","","","","","","","","","","","","","","","","","","",""
"cfo_other_working_capital","-1016","163","950","446","-541","821","823","-223","-448","123","1313","-130","-333","-129","1151","251","-606","-124","1608","-619","-509","47","748","-1344","-284","124","1083","-874","-372","-350","1615","-1068","-351","204","1179","-786","-395","54","1449","-1070","-569","144","1501","-908","-609","470","1751","-924","-619","92","2097","-764","-1328","14","1421","-611","-321","580","2363","-1052","-911","1100","2811","-2083","-1666","872","2136","-985","-99","1702","3502","-386","-1623","484","3584","-641","-2151","544","600"
"cfo_change_in_working_capital","-1040","-192","-374","1291","-401","334","-855","740","-381","-171","-590","1302","-426","-456","-434","1599","-691","-494","-689","1006","-544","-601","-1152","858","-412","-417","-735","1082","-241","-789","-207","567","-301","-33","-808","879","-5","-35","-370","391","2130","-222","-433","1049","-237","-32","-305","750","-439","-70","-17","1016","-1186","-157","-5","1137","2","309","34","877","-966","640","-470","813","-1228","809","-138","1419","309","1410","-334","1673","-1509","-236","-115","415","-3332","307","-1197"
"cfo_deferred_tax","","","","","","","","","","","","","-62","-50","-55","-34","-27","-38","-7","2","20","-6","-46","123","69","-5","387","-87","109","39","101","196","100","22","275","-26","7","-99","165","-6","-66","-70","136","58","-37","-121","-55","220","18","-63","-66","-211","12","-91","162","-43","2","-92","123","-221","48","81","132","61","59","45","131","-57","-4","-8","38","-210","170","-27","90","289","115","112","321"
"cfo_stock_comp","","","","","","","","","","","","","","","","","","","","","","","","","24","24","24","31","25","27","25","32","21","23","17","29","25","23","26","28","29","26","26","25","20","20","21","10","26","28","30","31","35","32","18","28","16","27","38","31","42","29","35","26","46","40","30","31","49","55","57","39","79","59","49","41","83","39","55"
"cfo_other_noncash_items","129","310","28","636","304","-446","68","307","147","143","163","21","127","170","136","64","137","183","166","69","227","537","388","586","324","378","327","356","78","218","37","50","31","58","54","33","54","40","-124","-154","103","-10","5","-956","-308","198","-187","-70","815","34","-8","-700","226","262","40","-10","29","122","256","-8","42","58","-12","3","7","34","-28","32","5","81","550","-38","-365","37","11","49","52","56","33"
"cf_cfo","-245","694","397","2659","587","547","-139","2200","600","858","362","2631","527","642","543","3150","462","741","383","2539","740","1014","26","2650","999","1052","976","2854","1158","670","1024","2419","1052","1284","639","2459","1307","1164","877","1977","3230","879","644","1767","520","994","536","2415","1611","1252","976","2119","247","1241","1393","2563","1305","1621","1569","2440","514","2210","900","2349","323","2489","1347","2958","1284","3832","1928","3481","1139","2283","2175","3028","-1394","1347","599"
"cfi_ppe_net","-655","-750","-890","-376","-631","-756","-804","-821","-713","-1048","-874","-695","-879","-1005","-1100","-882","-1179","-1168","-1018","-909","-948","-991","-862","-707","-534","-484","-397","-281","-395","-564","-612","-489","-631","-1746","-1366","-588","-828","-757","-718","23","-882","-987","-897","950","-466","-371","-441","-413","-346","-351","-411","-302","-282","-388","-491","-340","-473","-708","-841","-480","-823","-1018","-993","-597","-650","-734","-990","-590","-745","-659","-578","-625","-528","-795","-1137","-1057","-950","-1569","-1800"
"cfi_acquisitions_net","","","","","","","","","","","","","","","","","","","","","","","","","","","","","","","","","","","","","","","","","-58","","-99","","","","","","","","","","","","","","","","","","","","","","","","","","","","","","356","","","","","",""
"cfi_investment_net","","","","","","","","","","","","","","","","","","","","","-41","-12","","","-13","","","","","","","","","","","","","","","","","","","","","","","","","","","","","","","","","","","","","","","","","","","","","","","","","","","","","",""
"cfi_intangibles_net","","","","","","","","","","","","","","","","","","","","","","","","","","","","","","","","","","","","","","","","","","","","","","","","","","","","","","","","","","","","","","","","","","","","","","","","","","","","","","",""
"cfi_other","","","","-538","89","3116","1428","-442","16","-193","-192","-450","100","-284","-138","-505","48","-438","-777","-754","23","-236","-296","-303","175","-116","-65","12","220","14","21","61","261","-19","-103","12","169","-11","120","-853","3193","3","38","-1532","-72","-73","7","-97","40","25","-26","1879","3","-2","22","5","-9","-71","18","-511","5","-2","12","","1","-1","14","6","1","1","-5","19","7","-12","19","-7","2","-1","15"
"cf_cfi","-655","-750","-890","-914","-542","2360","624","-1263","-697","-1241","-1066","-1145","-779","-1289","-1238","-1387","-1131","-1606","-1795","-1663","-966","-1239","-1158","-1010","-372","-600","-462","-269","-175","-550","-591","-428","-370","-1765","-1469","-576","-659","-768","-598","-830","2253","-984","-958","-582","-538","-444","-434","-510","-306","-326","-437","1577","-279","-390","-469","-335","-482","-779","-823","-991","-818","-1020","-981","-597","-649","-735","-976","-584","-744","-658","-583","-606","-165","-807","-1118","-1064","-948","-1570","-1785"
"cff_common_stock_net","","","","","33","-445","-460","-272","-414","1","-324","-288","-326","-516","67","55","-464","-281","-122","-1406","-1390","-1404","13","-34","","","","","-378","-907","-770","-397","-812","-681","-200","-149","-592","-538","-100","-645","-540","-921","","","","","","","-606","-645","-945","-1287","-898","-1340","-916","-552","-317","-298","-253","-178","-949","-530","-456","-189","-720","58","-747","-156","-686","-20","-35","-4","-1310","-1540","-2192","-2314","-2931","110","-4"
"cff_pfd_net","","","","","","","","","","","","","","","","","","","","","","","","","","","","","","","","","","","","","","","","","","","","","","","","","","","","","","","","","","","","","","","","","","","","","","","","","","","","","","",""
"cff_debt_net","649","78","611","-1417","-108","-1277","-101","9","-511","-2","923","-24","","","705","-1352","1399","834","1741","2817","-99","2653","631","-1583","-1","-753","-501","-715","-1170","828","-111","-795","","762","1177","-1570","-55","1015","-13","-1035","-3886","299","241","-1007","275","-212","173","-402","-14","-40","-18","-13","1116","-1748","73","-113","-10","-607","263","-1099","-12","-243","477","-503","981","-1013","-15","-283","2463","-109","-2269","-20","-21","-51","-40","937","897","535","1524"
"cff_dividend_paid","-55","-54","-64","-64","-64","-64","-72","-72","-71","-71","-88","-88","-87","-87","-103","-103","-103","-102","-119","-118","-115","-109","-121","-120","-121","-120","-128","-127","-126","-126","-180","-177","-174","-172","-203","-201","-201","-198","-236","-234","-232","-231","-271","-272","-272","-273","-329","-331","-333","-332","-352","-345","-336","-330","-345","-337","-332","-331","-338","-337","-334","-331","-336","-334","-330","-328","-337","-335","-332","-330","-340","-341","-340","-336","-440","-432","-424","-418","-497"
"cff_other","","9","12","-43","","","","56","","-1","","59","6","738","","-1","-7","","-16","-346","","-8","","43","2","7","22","-407","69","47","24","154","16","38","13","16","80","87","96","81","209","154","32","61","26","29","33","259","206","65","11","18","140","11","15","55","4","5","16","83","16","34","41","5","12","12","41","8","4","3","11","5","2","3","","3","1","1",""
"cf_cff","594","33","559","-1524","-139","-1786","-633","-279","-996","-73","511","-341","-407","135","669","-1401","825","451","1484","947","-1604","1132","523","-1694","-120","-866","-607","-1249","-1605","-158","-1037","-1215","-970","-53","787","-1904","-768","366","-253","-1833","-4449","-699","2","-1218","29","-456","-123","-474","-747","-952","-1304","-1627","22","-3407","-1173","-947","-655","-1231","-312","-1531","-1279","-1070","-274","-1021","-57","-1271","-1058","-766","1449","-456","-2633","-360","-1669","-1924","-2672","-1806","-2457","228","1023"
"ebitda","1022","903","1004","1375","1065","1085","957","1753","1247","1325","1185","1975","1351","1504","1347","2363","1592","1671","1387","2280","1593","1669","1335","1631","1498","1629","1411","2158","1758","1762","1500","2316","1776","1810","1603","2263","1814","1786","1551","2473","1553","1675","1272","2275","1533","1561","1439","2131","1694","1880","1437","2111","1858","1818","1631","1875","1736","1678","1490","1796","1672","1736","1411","1765","1779","1947","1640","1897","1109","2904","2538","2473","3041","3100","2662","2785","2025","971","1697"
"capex","-655","-750","-890","-376","-631","-756","-804","-821","-713","-1048","-874","-695","-879","-1005","-1100","-882","-1179","-1168","-1018","-909","-948","-991","-862","-707","-534","-484","-397","-281","-395","-564","-612","-489","-631","-1746","-1366","-588","-828","-757","-718","23","-882","-987","-897","950","-466","-371","-441","-413","-346","-351","-411","-302","-282","-388","-491","-340","-473","-708","-841","-480","-823","-1018","-993","-597","-650","-734","-990","-590","-745","-659","-578","-625","-528","-795","-1137","-1057","-950","-1569","-1800"
"fcf","-900","-56","-493","2283","-44","-209","-943","1379","-113","-190","-512","1936","-352","-363","-557","2268","-717","-427","-635","1630","-208","23","-836","1943","465","568","579","2573","763","106","412","1930","421","-462","-727","1871","479","407","159","2000","2348","-108","-253","2717","54","623","95","2002","1265","901","565","1817","-35","853","902","2223","832","913","728","1960","-309","1192","-93","1752","-327","1755","357","2368","539","3173","1350","2856","611","1488","1038","1971","-2344","-222","-1201"
"book_value","9760","10044","10265","11132","11463","12366","12398","13029","13047","13522","13556","14205","14370","14373","14800","15633","15711","15954","16160","15307","14357","13457","13580","13712","14119","14602","14971","15347","15597","15268","","15487","15230","15106","15264","15821","15863","15897","16352","16558","16520","16020","16156","16231","16486","16433","16373","13997","14174","13942","13256","12957","12545","11577","11069","10953","11021","11098","11137","11651","11158","11167","11080","11297","11117","11836","11545","11833","11169","12578","13319","14440","14959","14860","13803","12827","10774","10592","11019"
"tangible_book_value","9760","10044","10265","11132","11463","12366","12398","13029","13047","13522","13556","14022","14370","14373","14800","15421","15711","15954","16160","15099","14357","13457","13580","13712","14119","14602","14971","15347","15597","15268","","15487","15230","15106","15264","15579","15863","15897","16352","16334","16520","16020","16156","15900","16486","16433","16373","13699","14174","13942","13256","12680","12545","11577","11069","10694","11021","11098","11137","10942","11158","11167","11080","10598","11117","11836","11545","11147","11169","12578","13319","13772","14959","14860","13803","12171","10774","10592","11019"
"roa","0.06","0.06","0.05","0.06","0.06","0.09","0.1","0.1","0.1","0.08","0.07000000000000001","0.07000000000000001","0.07000000000000001","0.07000000000000001","0.07000000000000001","0.07000000000000001","0.08","0.08","0.07000000000000001","0.06","0.06","0.06","0.06","0.05","0.05","0.05","0.05","0.05","0.06","0.06","0.13","0.13","0.07000000000000001","0.07000000000000001","0.06","0.06","0.06","0.06","0.06","0.06","0.06","0.06","0.05","0.04","0.04","0.03","0.03","-0.04","-0.03","-0.02","-0.02","0.08","0.08","0.09","0.09","0.07000000000000001","0.07000000000000001","0.07000000000000001","0.07000000000000001","0.07000000000000001","0.07000000000000001","0.08","0.08","0.07000000000000001","0.07000000000000001","0.08","0.08","0.08","0.06","0.08","0.08","0.09","0.12","0.12","0.13","0.13","0.11","0.08","0.06"
"roe","0.17","0.17","0.16","0.17","0.17","0.25","0.26","0.25","0.25","0.18","0.17","0.17","0.17","0.18","0.18","0.18","0.18","0.19","0.18","0.18","0.19","0.2","0.19","0.16","0.15","0.15","0.15","0.16","0.17","0.18","0.37","0.38","0.19","0.2","0.2","0.19","0.19","0.18","0.19","0.18","0.17","0.17","0.15","0.12","0.12","0.09","0.09","-0.11","-0.1","-0.06","-0.05","0.26","0.26","0.27","0.3","0.25","0.25","0.25","0.24","0.26","0.26","0.28","0.29","0.26","0.27","0.27","0.28","0.28","0.24","0.3","0.3","0.31","0.42","0.42","0.47","0.52","0.5","0.4","0.32"
"roic","0.08","0.08","0.07000000000000001","0.08","0.08","0.13","0.14","0.14","0.15","0.11","0.1","0.1","0.1","0.1","0.1","0.11","0.11","0.11","0.1","0.09","0.09","0.09","0.08","0.07000000000000001","0.07000000000000001","0.06","0.07000000000000001","0.08","0.08","0.09","0.18","0.19","0.09","0.09","0.09","0.09","0.09","0.09","0.09","0.09","0.09","0.09","0.08","0.07000000000000001","0.06","0.05","0.05","-0.06","-0.05","-0.03","-0.03","0.13","0.13","0.13","0.14","0.11","0.12","0.12","0.11","0.12","0.12","0.13","0.13","0.12","0.12","0.12","0.13","0.13","0.1","0.12","0.13","0.15","0.21","0.21","0.23","0.24","0.21","0.15","0.12"
"roce","0.13","0.12","0.12","0.13","0.14","0.14","0.14","0.15","0.15","0.16","0.16","0.17","0.17","0.17","0.17","0.18","0.18","0.18","0.17","0.16","0.15","0.15","0.14","0.12","0.12","0.12","0.12","0.13","0.14","0.15","0.3","0.31","0.16","0.15","0.15","0.15","0.15","0.14","0.14","0.15","0.15","0.15","0.15","0.14","0.14","0.14","0.15","0.14","0.16","0.17","0.17","0.17","0.17","0.18","0.19","0.18","0.18","0.17","0.16","0.16","0.15","0.15","0.15","0.15","0.15","0.15","0.16","0.16","0.14","0.16","0.19","0.21","0.26","0.26","0.27","0.28","0.25","0.18","0.15"
"rotce","0.13","0.12","0.12","0.13","0.14","0.14","0.14","0.15","0.15","0.16","0.16","0.17","0.17","0.17","0.17","0.18","0.18","0.18","0.17","0.16","0.15","0.15","0.14","0.12","0.12","0.12","0.12","0.13","0.14","0.15","0.3","0.31","0.16","0.15","0.15","0.15","0.15","0.14","0.14","0.15","0.15","0.15","0.15","0.14","0.14","0.14","0.15","0.14","0.16","0.17","0.17","0.17","0.18","0.18","0.19","0.18","0.18","0.17","0.16","0.16","0.15","0.15","0.15","0.15","0.15","0.15","0.16","0.17","0.14","0.16","0.19","0.21","0.26","0.26","0.27","0.28","0.25","0.18","0.15"
"gross_margin","0.34","0.33","0.32","0.32","0.34","0.32","0.33","0.32","0.34","0.33","0.33","0.31","0.33","0.34","0.33","0.31","0.33","0.34","0.33","0.31","0.33","0.33","0.33","0.21","0.3","0.32","0.31","0.29","0.31","0.32","0.31","0.29","0.31","0.33","0.31","0.29","0.31","0.32","0.31","0.28","0.31","0.31","0.3","0.28","0.29","0.3","0.29","0.28","0.3","0.31","0.29","0.27","0.31","0.31","0.3","0.29","0.31","0.31","0.31","0.27","0.31","0.31","0.3","0.26","0.31","0.31","0.31","0.27","0.26","0.32","0.31","0.28","0.31","0.31","0.29","0.27","0.27","0.23","0.26"
"ebitda_margin","0.1","0.09","0.1","0.1","0.1","0.1","0.09","0.12","0.11","0.11","0.1","0.12","0.11","0.11","0.1","0.12","0.11","0.11","0.09","0.11","0.11","0.11","0.09","0.08","0.1","0.11","0.09","0.11","0.11","0.11","0.1","0.11","0.11","0.11","0.1","0.11","0.11","0.11","0.09","0.11","0.09","0.1","0.07000000000000001","0.11","0.09","0.09","0.08","0.1","0.1","0.11","0.08","0.1","0.11","0.11","0.1","0.09","0.11","0.1","0.09","0.08","0.1","0.1","0.08","0.08","0.1","0.11","0.09","0.08","0.06","0.13","0.11","0.09","0.13","0.12","0.1","0.09","0.08","0.04","0.06"
"operating_margin","0.07000000000000001","0.07000000000000001","0.06","0.09","0.08","0.07000000000000001","0.06","0.09","0.08","0.08","0.07000000000000001","0.09","0.08","0.08","0.07000000000000001","0.1","0.09","0.09","0.06","0.09","0.08","0.08","0.06","0.06","0.07000000000000001","0.08","0.06","0.08","0.08","0.08","0.06","0.09","0.08","0.08","0.06","0.08","0.08","0.07000000000000001","0.06","0.09","0.06","0.07000000000000001","0.04","0.1","0.06","0.06","0.05","0.07000000000000001","0.07000000000000001","0.08","0.05","0.07000000000000001","0.08","0.08","0.06","0.06","0.07000000000000001","0.07000000000000001","0.05","0.05","0.06","0.06","0.05","0.05","0.06","0.07000000000000001","0.05","0.05","0.02","0.1","0.09","0.06","0.1","0.1","0.08","0.07000000000000001","0.05","0.01","0.04"
"pretax_margin","0.05","0.06","0.04","0.08","0.06","0.05","0.05","0.08","0.07000000000000001","0.07000000000000001","0.06","0.09","0.07000000000000001","0.07000000000000001","0.06","0.09","0.08","0.08","0.05","0.08","0.06","0.06","0.04","0.05","0.06","0.06","0.04","0.07000000000000001","0.07000000000000001","0.07000000000000001","0.05","0.08","0.07000000000000001","0.07000000000000001","0.05","0.07000000000000001","0.07000000000000001","0.06","0.06","0.08","0.05","0.06","0.03","0.09","0.05","0.03","0.04","0.07000000000000001","0.06","0.07000000000000001","0.04","0.09","0.06","0.06","0.06","0.06","0.06","0.06","0.04","0.04","0.06","0.06","0.04","0.04","0.06","0.07000000000000001","0.05","0.04","0.02","0.1","0.06","0.06","0.11","0.09","0.07000000000000001","0.07000000000000001","0.05","0.01","0.03"
"net_income_margin","0.03","0.04","0.03","0.06","0.04","0.13","0.05","0.05","0.04","0.05","0.04","0.06","0.04","0.05","0.04","0.06","0.05","0.05","0.03","0.05","0.04","0.04","0.02","0.03","0.04","0.04","0.03","0.05","0.04","0.04","0.03","0.05","0.04","0.04","0.03","0.05","0.04","0.04","0.04","0.04","0.03","0.04","0.02","0.03","0.03","0.01","0.02","-0.12","0.04","0.04","0.03","0.07000000000000001","0.04","0.04","0.04","0.04","0.04","0.04","0.03","0.05","0.04","0.04","0.03","0.03","0.05","0.05","0.04","0.04","0.01","0.07000000000000001","0.04","0.05","0.09","0.07000000000000001","0.06","0.05","0.04","0.01","0.03"
"fcf_margin","-0.09","-0.01","-0.05","0.17","","-0.02","-0.09","0.09","-0.01","-0.02","-0.04","0.11","-0.03","-0.03","-0.04","0.12","-0.05","-0.03","-0.04","0.08","-0.01","","-0.06","0.1","0.03","0.04","0.04","0.13","0.05","0.01","0.03","0.09","0.03","-0.03","-0.04","0.09","0.03","0.02","0.01","0.09","0.14","-0.01","-0.01","0.13","","0.04","0.01","0.09","0.07000000000000001","0.05","0.03","0.08","","0.05","0.05","0.1","0.05","0.05","0.04","0.09","-0.02","0.07000000000000001","-0.01","0.08","-0.02","0.1","0.02","0.1","0.03","0.14","0.06","0.1","0.03","0.06","0.04","0.06","-0.09","-0.01","-0.05"
"assets_to_equity","2.99","2.95","3.06","2.82","2.72","2.53","2.56","2.48","2.4","2.36","2.54","2.46","2.42","2.46","2.56","2.39","2.44","2.47","2.68","2.91","2.98","3.35","3.46","3.22","3.13","3.03","3.07","2.9","2.78","2.86","","2.82","2.82","3.01","3.17","2.95","2.91","2.98","3.03","2.91","2.68","2.76","2.87","2.74","2.67","2.71","2.84","2.94","2.85","2.9","3.15","3.11","3.18","3.22","3.49","3.42","3.38","3.37","3.66","3.46","3.49","3.58","3.93","3.65","3.65","3.51","3.79","3.62","4.01","3.82","3.8","3.55","3.37","3.46","3.94","4.2","4.72","4.95","5.05"
"equity_to_assets","0.33","0.34","0.33","0.35","0.37","0.4","0.39","0.4","0.42","0.42","0.39","0.41","0.41","0.41","0.39","0.42","0.41","0.4","0.37","0.34","0.34","0.3","0.29","0.31","0.32","0.33","0.33","0.34","0.36","0.35","","0.35","0.35","0.33","0.32","0.34","0.34","0.34","0.33","0.34","0.37","0.36","0.35","0.36","0.37","0.37","0.35","0.34","0.35","0.35","0.32","0.32","0.31","0.31","0.29","0.29","0.3","0.3","0.27","0.29","0.29","0.28","0.25","0.27","0.27","0.28","0.26","0.28","0.25","0.26","0.26","0.28","0.3","0.29","0.25","0.24","0.21","0.2","0.2"
"debt_to_equity","1.21","1.18","1.22","0.99","0.96","0.78","0.77","0.73","0.6899999999999999","0.66","0.73","0.6899999999999999","0.6899999999999999","0.74","0.77","0.64","0.73","0.77","0.87","1.12","1.05","1.46","1.49","1.37","1.33","1.23","1.17","1.1","1","1.08","","1.02","1.03","1.16","1.24","1.04","1.1","1.16","1.04","1.07","0.86","0.9","0.92","0.77","0.85","0.86","0.87","0.91","0.9","0.91","0.96","0.98","1.13","1.1","1.16","1.16","1.16","1.1","1.13","1.14","1.2","1.18","1.24","1.18","1.3","1.15","1.2","1.16","1.48","1.31","1.11","1.03","1","1.03","1.11","1.26","1.58","1.67","1.73"
"debt_to_assets","0.41","0.4","0.4","0.35","0.35","0.31","0.3","0.3","0.29","0.28","0.29","0.28","0.28","0.3","0.3","0.27","0.3","0.31","0.33","0.38","0.35","0.44","0.43","0.43","0.42","0.41","0.38","0.38","0.36","0.38","","0.36","0.37","0.39","0.39","0.35","0.38","0.39","0.34","0.37","0.32","0.33","0.32","0.28","0.32","0.32","0.31","0.31","0.32","0.32","0.31","0.32","0.36","0.34","0.33","0.34","0.34","0.33","0.31","0.33","0.34","0.33","0.31","0.32","0.36","0.33","0.32","0.32","0.37","0.34","0.29","0.29","0.3","0.3","0.28","0.3","0.34","0.34","0.34"
"revenue_per_share","11.28","10.45","10.7","10.06","11.05","11.48","12.05","16.83","12.84","13.45","13.76","19.15","14.66","15.39","15.7","22.78","16.27","17.05","17.43","23.82","18.28","19.99","19.98","25.94","19.7","19.97","20.21","26.68","20.91","21.09","21.64","28.92","22.86","23.7","24.18","31.54","25.08","25.31","25.56","34.65","25.72","26.66","27.08","31.65","26.1","26.56","26.98","33.76","26.48","27.19","28.01","35.14","26.82","27.55","28.6","38.03","29.22","30.14","30.8","42.11","31.02","33.15","33.55","43.83","33.93","35.69","36.26","45.7","38.78","45.55","44.78","56.01","48.07","50.57","52.42","64.52","53.81","56.16","57.34"
"ebitda_per_share","1.12","0.98","1.09","1.01","1.16","1.18","1.06","1.94","1.4","1.49","1.34","2.23","1.54","1.73","1.56","2.73","1.85","1.95","1.63","2.73","1.97","2.16","1.76","2.16","1.99","2.16","1.87","2.85","2.36","2.39","2.08","3.24","2.55","2.64","2.36","3.35","2.7","2.69","2.34","3.77","2.39","2.61","2","3.56","2.4","2.45","2.25","3.31","2.62","2.93","2.29","3.43","3.08","3.1","2.84","3.32","3.13","3.04","2.72","3.29","3.09","3.24","2.66","3.37","3.42","3.77","3.19","3.71","2.19","5.76","5.02","4.89","6.04","6.23","5.44","5.8","4.33","2.09","3.67"
"operating_income_per_share","0.77","0.75","0.61","0.92","0.84","0.86","0.7","1.56","1.02","1.1","0.9399999999999999","1.81","1.16","1.31","1.11","2.27","1.39","1.48","1.13","2.21","1.43","1.58","1.15","1.53","1.36","1.53","1.16","2.14","1.67","1.72","1.34","2.49","1.81","1.9","1.56","2.52","1.91","1.89","1.52","3.1","1.57","1.76","1.1","3.02","1.6","1.6","1.41","2.46","1.79","2.07","1.39","2.52","2.17","2.13","1.85","2.2","2.08","1.98","1.55","2.07","1.92","2.11","1.54","2.13","2.18","2.57","1.95","2.34","0.93","4.56","3.83","3.63","4.72","4.96","4.11","4.36","2.88","0.6899999999999999","2.21"
"pretax_income_per_share","0.62","0.58","0.47","0.83","0.68","0.63","0.57","1.41","0.89","0.98","0.8","1.67","1.01","1.15","0.93","2.09","1.23","1.3","0.92","2","1.18","1.3","0.84","1.25","1.09","1.27","0.9","1.86","1.41","1.47","1.07","2.22","1.55","1.62","1.26","2.09","1.64","1.62","1.47","2.91","1.2","1.5","0.84","2.89","1.36","0.92","1.19","2.23","1.55","1.84","1.15","3.28","1.49","1.6","1.6","2.13","1.86","1.77","1.12","1.85","1.71","1.91","1.34","1.93","1.97","2.36","1.75","2.05","0.65","4.34","2.57","3.42","5.18","4.76","3.9","4.2","2.67","0.47","1.97"
"fcf_per_share","-0.98","-0.06","-0.54","1.68","-0.05","-0.23","-1.04","1.53","-0.13","-0.21","-0.58","2.19","-0.4","-0.42","-0.64","2.62","-0.83","-0.5","-0.75","1.95","-0.26","0.03","-1.1","2.58","0.62","0.75","0.77","3.4","1.02","0.14","0.57","2.7","0.6","-0.67","-1.07","2.77","0.71","0.61","0.24","3.05","3.62","-0.17","-0.4","4.26","0.08","0.98","0.15","3.11","1.96","1.41","0.9","2.95","-0.06","1.45","1.57","3.94","1.5","1.65","1.33","3.59","-0.57","2.22","-0.18","3.34","-0.63","3.4","0.6899999999999999","4.63","1.07","6.29","2.67","5.64","1.21","2.99","2.12","4.1","-5.01","-0.48","-2.6"
"book_value_per_share","10.67","10.94","11.18","8.18","12.44","13.45","13.7","14.43","14.6","15.17","15.28","16.05","16.37","16.57","17.12","18.07","18.21","18.61","18.99","18.35","17.73","17.39","17.95","18.18","18.75","19.36","19.81","20.29","20.92","20.73","","21.68","21.85","22.05","22.5","23.44","23.59","23.98","24.69","25.25","25.43","24.95","25.35","25.43","25.83","25.74","25.6","21.72","21.93","21.75","21.08","21.05","20.78","19.73","19.26","19.4","19.85","20.11","20.33","21.35","20.62","20.82","20.86","21.55","21.4","22.93","22.43","23.11","22.08","24.94","26.35","28.54","29.72","29.87","28.2","26.7","23.03","22.85","23.82"
"tangible_book_per_share","10.67","10.94","11.18","8.18","12.44","13.45","13.7","14.43","14.6","15.17","15.28","15.84","16.37","16.57","17.12","17.82","18.21","18.61","18.99","18.1","17.73","17.39","17.95","18.18","18.75","19.36","19.81","20.29","20.92","20.73","","21.68","21.85","22.05","22.5","23.08","23.59","23.98","24.69","24.91","25.43","24.95","25.35","24.91","25.83","25.74","25.6","21.26","21.93","21.75","21.08","20.6","20.78","19.73","19.26","18.94","19.85","20.11","20.33","20.05","20.62","20.82","20.86","20.22","21.4","22.93","22.43","21.77","22.08","24.94","26.35","27.22","29.72","29.87","28.2","25.34","23.03","22.85","23.82"
"payout_ratio","0.16","0.15","0.21","0.12","0.15","0.05","0.14","0.09","0.15","0.13","0.2","0.09","0.16","0.14","0.2","0.09","0.16","0.15","0.25","0.11","0.19","0.17","0.33","0.2","0.23","0.2","0.29","0.14","0.19","0.18","0.34","0.17","0.25","0.24","0.37","0.21","0.29","0.28","0.38","0.24","0.47","0.38","0.8","0.53","0.65","1.16","0.95","-0.13","0.53","0.44","0.64","0.24","0.53","0.48","0.57","0.41","0.49","0.49","0.71","0.31","0.47","0.42","0.55","0.42","0.42","0.35","0.47","0.4","1.18","0.2","0.34","0.25","0.16","0.19","0.3","0.28","0.42","2.31","0.7"
"revenue_growth","0.08","-0.05","-0.04","0.8100000000000001","-0.01","0.1","0.11","0.11","0.13","0.14","0.12","0.12","0.12","0.11","0.11","0.16","0.09","0.1","0.09","0.01","0.05","0.06","0.02","-0.02","","-0.03","0.01","0.03","0.05","0.03","0.02","0.02","0.02","0.05","0.05","0.03","0.06","0.03","0.03","0.07000000000000001","-0.01","0.02","0.02","-0.11","","-0.01","","0.08","0.03","0.03","0.02","-0.01","-0.05","-0.07000000000000001","-0.07000000000000001","-0.01","","0.03","0.03","0.07000000000000001","0.03","0.07000000000000001","0.06","","0.05","0.04","0.05","0.02","0.11","0.25","0.21","0.21","0.23","0.1","0.13","0.09","0.04","0.03","0.03"
"gross_profit_growth","0.09","-0.08","-0.08","1.47","-0.04","0.07000000000000001","0.13","0.12","0.15","0.18","0.11","0.08","0.08","0.13","0.13","0.18","0.11","0.1","0.08","-0.01","0.05","0.05","0.03","-0.32","-0.08","-0.08","-0.06","0.41","0.09","0.05","0.04","0.04","0.02","0.05","0.06","0.02","0.04","0.02","0.02","0.05","-0.01","","-0.02","-0.13","-0.05","-0.04","-0.01","0.11","0.06","0.04","0.02","-0.06","-0.04","-0.07000000000000001","-0.05","0.08","","0.04","0.05","-0.01","0.03","0.06","0.02","-0.02","0.04","0.05","0.08","0.04","-0.05","0.26","0.24","0.24","0.47","0.08","0.05","0.05","-0.1","-0.25","-0.08"
"ebitda_growth","0.04","-0.1","0.12","0.54","0.04","0.2","-0.05","0.27","0.17","0.22","0.24","0.13","0.08","0.14","0.14","0.2","0.18","0.11","0.03","-0.04","","","-0.04","-0.28","-0.06","-0.02","0.06","0.32","0.17","0.08","0.06","0.07000000000000001","0.01","0.03","0.07000000000000001","-0.02","0.02","-0.01","-0.03","0.09","-0.14","-0.06","-0.18","-0.08","-0.01","-0.07000000000000001","0.13","-0.06","0.11","0.2","","-0.01","0.1","-0.03","0.14","-0.11","-0.07000000000000001","-0.08","-0.09","-0.04","-0.04","0.03","-0.05","-0.02","0.06","0.12","0.16","0.07000000000000001","-0.38","0.49","0.55","0.3","1.74","0.07000000000000001","0.05","0.13","-0.33","-0.6899999999999999","-0.36"
"operating_income_growth","0.02","-0.04","-0.05","0.54","0.1","0.15","0.12","0.12","0.17","0.25","0.31","0.14","0.12","0.16","0.15","0.22","0.18","0.12","","-0.06","-0.04","-0.04","-0.09","-0.37","-0.11","-0.06","0.01","0.4","0.21","0.1","0.11","0.1","0.02","0.03","0.09","-0.04","0.02","-0.03","-0.05","0.2","-0.21","-0.1","-0.3","-0.05","","-0.1","0.29","-0.18","0.13","0.3","-0.03","-0.02","0.14","-0.06","0.21","-0.2","-0.12","-0.12","-0.2","-0.09","-0.1","0.04","-0.03","-0.01","0.09","0.17","0.22","0.07000000000000001","-0.59","0.74","0.93","0.53","4.07","0.07000000000000001","0.04","0.14","-0.43","-0.87","-0.49"
"pretax_income_growth","0.01","-0.05","-0.04","0.6899999999999999","0.12","0.09","0.2","0.13","0.26","0.5","0.37","0.17","0.11","0.14","0.13","0.22","0.2","0.12","-0.03","-0.08","-0.1","-0.1","-0.19","-0.43","-0.14","-0.05","0.08","0.49","0.28","0.13","0.13","0.13","0.02","0.03","0.11","-0.11","0.02","-0.03","0.13","0.36","-0.29","-0.1","-0.45","-0.04","0.12","-0.39","0.41","-0.22","0.15","1","-0.04","0.41","-0.1","-0.2","0.27","-0.4","0.15","0.04","-0.34","-0.16","-0.1","0.05","0.17","","0.1","0.19","0.26","0.04","-0.68","0.8","0.44","0.65","6.93","0.08","0.47","0.17","-0.52","-0.91","-0.52"
"net_income_growth","0.01","0.04","0.09","0.22","0.24","2.94","0.76","0.03","0.14","-0.62","-0.18","0.14","0.12","0.13","0.16","0.19","0.18","0.13","-0.05","-0.08","-0.08","-0.08","-0.24","-0.41","-0.13","-0.06","0.18","0.54","0.29","0.14","0.23","0.11","0.03","0.04","0.04","-0.05","0.01","","0.15","-0.02","-0.29","-0.13","-0.46","-0.46","-0.16","-0.62","0.03","-6.08","0.52","2.22","0.5600000000000001","1.54","","-0.1","0.11","-0.43","0.07000000000000001","-0.01","-0.21","0.34","0.06","0.19","0.3","-0.27","0.11","0.17","0.15","0.05","-0.64","0.8","0.42","0.65","6.38","0.08","0.47","0.12","-0.52","-0.9","-0.52"
"eps_diluted_growth","","0.03","0.1","-0.19","0.24","2.92","0.79","0.59","0.17","-0.6","-0.17","0.15","0.15","0.15","0.2","0.22","0.19","0.14","-0.05","-0.05","-0.01","0.03","-0.13","-0.34","-0.07000000000000001","-0.04","0.18","0.55","0.3","0.16","0.28","0.15","0.1","0.12","0.11","0.01","0.05","0.03","0.17","0.02","-0.26","-0.1","-0.44","-0.45","-0.14","-0.61","0.02","-6.11","0.48","2.19","0.58","1.56","0.07000000000000001","-0.02","0.22","-0.38","0.16","0.05","-0.18","0.39","0.09","0.22","0.34","-0.25","0.15","0.22","0.19","0.07000000000000001","-0.63","0.84","0.45","0.67","6.45","0.09","0.51","0.18","-0.48","-0.89","-0.49"
"shares_diluted_growth","","0.01","","0.49","0.01","","-0.01","-0.34","-0.03","-0.03","-0.02","-0.02","-0.02","-0.03","-0.03","-0.02","-0.02","-0.01","-0.02","-0.04","-0.06","-0.1","-0.11","-0.1","-0.07000000000000001","-0.03","","","-0.01","-0.02","-0.05","-0.06","-0.07000000000000001","-0.07000000000000001","-0.06","-0.06","-0.04","-0.03","-0.02","-0.03","-0.03","-0.03","-0.04","-0.03","-0.02","-0.01","","0.01","0.01","","-0.02","-0.04","-0.07000000000000001","-0.08","-0.09","-0.08","-0.08","-0.06","-0.05","-0.03","-0.03","-0.03","-0.03","-0.04","-0.04","-0.04","-0.03","-0.02","-0.03","-0.02","-0.02","-0.01","","-0.01","-0.03","-0.05","-0.07000000000000001","-0.07000000000000001","-0.05"
"cash_and_equiv_growth","0.02","-0.76","-0.41","-0.07000000000000001","0.38","3.04","2.21","2.17","0.85","-0.6","-0.68","-0.27","-0.14","-0.31","-0.1","-0.51","-0.02","0.16","0.39","2.01","-0.36","1.75","0.46","-0.77","1.21","-0.37","-0.06","0.04","-0.59","-0.41","-1","","-0.02","0.57","","0.36","0.19","-0.31","0.79","-0.01","1.77","0.66","-0.52","-0.15","-0.61","-0.21","0.1","2.3","2.87","2.41","1.53","-0.53","0.46","-0.46","-0.38","1.42","-0.34","0.55","1.21","-0.71","-0.6","-0.48","-0.7","0.07000000000000001","0.11","0.4","0.17","-0.03","2.89","3.4","5.19","0.13","0.71","0.01","-0.04","0.07000000000000001","-0.86","-0.85","-0.83"
"ppe_growth","0.12","0.13","0.12","-0.01","0.1","-0.01","-0.01","0.11","","0.13","0.13","0.13","0.13","0.12","0.13","0.13","0.13","0.14","0.13","0.12","0.11","0.09","0.08","0.07000000000000001","0.05","0.02","","-0.02","-0.02","-0.01","-1","0.01","0.02","0.12","","0.14","0.15","0.05","0.04","0.05","0.05","0.05","0.06","-0.14","0.01","-0.01","-0.03","-0.02","-0.18","-0.18","-0.18","-0.03","-0.03","-0.03","-0.02","-0.02","-0.01","","0.01","0.07000000000000001","0.08","0.09","0.1","0.04","0.04","0.03","0.03","0.04","0.04","0.03","0.02","0.02","0.01","0.03","0.05","0.06","0.07000000000000001","0.09","0.1"
"total_assets_growth","0.16","0.09","0.1","0.1","0.07000000000000001","0.06","0.01","0.03","0.01","0.02","0.09","0.08","0.11","0.11","0.1","0.07000000000000001","0.1","0.11","0.14","0.19","0.12","0.14","0.09","-0.01","0.03","-0.02","-0.02","0.01","-0.02","-0.01","-1","-0.02","-0.01","0.04","","0.07000000000000001","0.07000000000000001","0.04","0.02","0.03","-0.04","-0.07000000000000001","-0.06","-0.07000000000000001","","0.01","","-0.08","-0.08","-0.09","-0.1","-0.02","-0.01","-0.08","-0.07000000000000001","-0.07000000000000001","-0.07000000000000001","","0.05","0.08","0.05","0.07000000000000001","0.07000000000000001","0.02","0.04","0.04","","0.04","0.1","0.15","0.16","0.2","0.13","0.07000000000000001","0.07000000000000001","0.05","0.01","0.02","0.02"
"total_equity_growth","0.19","0.18","0.17","0.18","0.17","0.23","0.21","0.17","0.14","0.09","0.09","0.09","0.1","0.06","0.09","0.1","0.09","0.11","0.09","-0.02","-0.09","-0.16","-0.16","-0.1","-0.02","0.09","0.1","0.12","0.1","0.05","-1","0.01","-0.02","-0.01","","0.02","0.04","0.05","0.07000000000000001","0.05","0.04","0.01","-0.01","-0.02","","0.03","0.01","-0.14","-0.14","-0.15","-0.19","-0.07000000000000001","-0.11","-0.17","-0.16","-0.15","-0.12","-0.04","0.01","0.06","0.01","0.01","-0.01","-0.03","","0.06","0.04","0.05","","0.06","0.15","0.22","0.34","0.18","0.04","-0.11","-0.28","-0.29","-0.2"
"cfo_growth","0.61","-0.42","1.75","-0.17","3.4","-0.21","-1.35","-0.17","0.02","0.57","3.6","0.2","-0.12","-0.25","0.5","0.2","-0.12","0.15","-0.29","-0.19","0.6","0.37","-0.93","0.04","0.35","0.04","36.54","0.08","0.16","-0.36","0.05","-0.15","-0.09","0.92","-0.38","0.02","0.24","-0.09","0.37","-0.2","1.47","-0.24","-0.27","-0.11","-0.84","0.13","-0.17","0.37","2.1","0.26","0.82","-0.12","-0.85","-0.01","0.43","0.21","4.28","0.31","0.13","-0.05","-0.61","0.36","-0.43","-0.04","-0.37","0.13","0.5","0.26","2.98","0.54","0.43","0.18","-0.11","-0.4","0.13","-0.13","-2.22","-0.41","-0.72"
"capex_growth","0.05","0.03","0.02","0.4","0.04","-0.01","0.1","-1.18","-0.13","-0.39","-0.09","0.15","-0.23","0.04","-0.26","-0.27","-0.34","-0.16","0.07000000000000001","-0.03","0.2","0.15","0.15","0.22","0.44","0.51","0.54","0.6","0.26","-0.17","-0.54","-0.74","-0.6","-2.1","-1.23","-0.2","-0.31","0.57","0.47","1.04","-0.07000000000000001","-0.3","-0.25","40.3","0.47","0.62","0.51","-1.43","0.26","0.05","0.07000000000000001","0.27","0.18","-0.11","-0.19","-0.13","-0.68","-0.82","-0.71","-0.41","-0.74","-0.44","-0.18","-0.24","0.21","0.28","","0.01","-0.15","0.1","0.42","-0.06","0.29","-0.21","-0.97","-0.6899999999999999","-0.8","-0.97","-0.58"
"fcf_growth","0.32","-1.13","0.66","-0.11","0.95","-2.73","-0.91","-0.4","-1.57","0.09","0.46","0.4","-2.12","-0.91","-0.09","0.17","-1.04","-0.18","-0.14","-0.28","0.71","1.05","-0.32","0.19","3.24","23.7","1.69","0.32","0.64","-0.8100000000000001","-0.29","-0.25","-0.45","-5.36","-2.76","-0.03","0.14","1.88","1.22","0.07000000000000001","3.9","-1.27","-2.59","0.36","-0.98","6.77","1.38","-0.26","22.43","0.45","4.95","-0.09","-1.03","-0.05","0.6","0.22","24.77","0.07000000000000001","-0.19","-0.12","-1.37","0.31","-1.13","-0.11","-0.06","0.47","4.84","0.35","2.65","0.8100000000000001","2.78","0.21","0.13","-0.53","-0.23","-0.31","-4.84","-1.15","-2.16"
"shares_eop","910.756","910.938","911.462","911.808","913.4","903.335","895.426","885.553","883.371","884.664","879.184","874.075","868.3","857.8","858.9","859.771","851.489","847.8","845","818.7380000000001","788.6","755","752.78","752.673","752.28","751.9","752.2","744.6","738.9","722.6","707.9","704","689","675.2","671.4","669.3","661","653.9","654.5","645.294","641.253","630.925","631.76","632.931","633.6130000000001","633.645","634.378","640.2140000000001","638.409","630.446","618.604","602.227","593.5839999999999","574.801","563.677","556.1559999999999","551.657","546.183","543.913","541.682","532.917","526.1130000000001","521.811","517.7619999999999","512.312","511.335","506.678","504.199","499.92","500.253","500.755","500.877","496.093","489.651","480.905","471.274","463.684","460.236","460.298"
"dividends","0.06","0.06","0.07000000000000001","0.07000000000000001","0.07000000000000001","0.07000000000000001","0.08","0.08","0.08","0.08","0.1","0.1","0.1","0.1","0.12","0.12","0.12","0.12","0.14","0.14","0.14","0.14","0.16","0.16","0.16","0.16","0.17","0.17","0.17","0.17","0.25","0.25","0.25","0.25","0.3","0.3","0.3","0.3","0.36","0.36","0.36","0.36","0.43","0.43","0.43","0.43","0.52","0.52","0.52","0.52","0.5600000000000001","0.5600000000000001","0.5600000000000001","0.5600000000000001","0.6","0.6","0.6","0.6","0.62","0.62","0.62","0.62","0.64","0.64","0.64","0.64","0.66","0.66","0.66","0.66","0.68","0.68","0.68","0.68","0.9","0.9","0.9","0.9","1.08"
"price_to_earnings","18.72","21.27","21.74","19.13","20.94","13.38","14.12","14.06","12.58","21.75","21.34","19.87","18.68","15.53","19.49","18.92","17.52","17.34","17.64","15.93","14.97","12.43","11.47","10.61","14.55","15.66","16.86","15.34","15.94","13.62","13.03","13.22","11.51","11.73","12.32","11.61","13.04","13.5","13.82","13","16.16","16.61","16.98","18.2","20.7","24.96","25.73","-28.81","-35.47","-57.34","-67.91","12.97","14.04","13.17","11.58","13.12","11.08","11.17","12.16","13.98","13.1","13.77","13.53","12.87","13.16","14.01","16.69","17.02","19.81","17.88","19.94","20.77","16.63","20.26","18.41","14.96","18.1","17.8","21.93"
"price_to_book","3.12","3.48","3.53","3.11","3.46","3.18","3.61","3.45","3.14","3.84","3.61","3.37","3.21","2.74","3.43","3.37","3.22","3.22","3.21","2.96","2.92","2.54","2.22","1.71","2.2","2.25","2.43","2.49","2.69","2.43","","2.49","2.22","2.3","2.41","2.15","2.41","2.49","2.55","2.35","2.74","2.81","2.53","2.21","2.37","2.3","2.4","3.37","3.55","3.7","3.6","3.37","3.76","3.74","3.5","3.27","2.8","2.79","2.88","3.5","3.47","3.8","3.94","3.35","3.57","3.73","4.69","4.72","4.91","5.01","5.72","6.28","6.87","8.6","9.050000000000001","8.1","9.84","7.1","6.86"
"price_to_sales","0.8","0.93","0.97","0.8","0.92","0.89","0.99","0.96","0.85","1.05","0.96","0.91","0.85","0.71","0.9","0.89","0.83","0.83","0.82","0.72","0.65","0.53","0.46","0.36","0.48","0.51","0.5600000000000001","0.58","0.64","0.5600000000000001","0.55","0.57","0.5","0.51","0.53","0.49","0.54","0.5600000000000001","0.58","0.53","0.62","0.61","0.55","0.5","0.55","0.53","0.55","0.65","0.6899999999999999","0.7","0.65","0.59","0.65","0.6","0.55","0.51","0.44","0.44","0.45","0.5600000000000001","0.53","0.57","0.58","0.5","0.52","0.57","0.7","0.71","0.68","0.74","0.86","0.97","1.05","1.27","1.21","0.98","0.99","0.7","0.7"
"price_to_tangible_book","3.12","3.48","3.53","3.11","3.46","3.18","3.61","3.45","3.14","3.84","3.61","3.41","3.21","2.74","3.43","3.42","3.22","3.22","3.21","3.01","2.92","2.54","2.22","1.71","2.2","2.25","2.43","2.49","2.69","2.43","","2.49","2.22","2.3","2.41","2.18","2.41","2.49","2.55","2.39","2.74","2.81","2.53","2.25","2.37","2.3","2.4","3.44","3.55","3.7","3.6","3.44","3.76","3.74","3.5","3.35","2.8","2.79","2.88","3.72","3.47","3.8","3.94","3.57","3.57","3.73","4.69","5.01","4.91","5.01","5.72","6.59","6.87","8.6","9.050000000000001","8.539999999999999","9.84","7.1","6.86"
"price_to_fcf","47.29","205.34","32.4","41.5","23.44","25.62","41.2","245.68","359.62","390.78","86.81","42.69","52.28","55.56","76.55","52.97","80.12","90.56999999999999","106.03","-304.53","116.38","42.16","49.59","25.47","19.46","15.33","10.25","9.119999999999999","9.369999999999999","9.220000000000001","9.539999999999999","12.02","11.79","15.11","31.63","30.83","32.99","19.54","14.31","12.8","9.210000000000001","10.22","10.27","7.62","16.23","12.02","11.24","16.99","12.63","12.1","10.09","9.59","14.53","13.53","10.95","9.09","6.41","6.36","6.84","9.19","11.75","11.89","15.87","14.87","15.71","14.31","15.31","13.44","10.93","9.779999999999999","10.26","11.46","12.87","20.27","20.83","20.34","49.24","169.74","-42.1"
"market_cap","30455.68064","34907.14416","36221.49988","34612.23168","39614.158","39385.406","44789.20852","44959.52581","40997.24811","51974.01","48961.75696","47855.60625","46106.73","39390.176","50829.702","52755.54856","50552.90193","51351.246","51849.2","45374.45996","41898.318","34148.65","30201.5336","23483.3976","31039.0728","32797.878","36429.046","38175.642","42021.243","37083.832","36768.326","38600.32","33829.9","34766.048","36759.15","34007.133","38298.34","39659.035","41724.375","38982.21054","45246.81168","44953.40625","40931.7304","35849.21184","39125.60275","37758.90555","39217.24796","47126.15254","50325.78147","51602.0051","47743.85672","43613.27934","47189.928","43299.75933","38741.52021","35860.93888","30810.04345","30952.19061","32112.62352","40745.32004","38689.7742","42446.79684","43639.05393","37796.626","39663.19504","44179.344","54168.94498","55834.99726","54861.2208","62971.84764","76224.9261","90743.88609","102820.23518","127823.39355","124852.5561","103882.92782","106021.3466","75193.35768","75603.94650000001"
"period_end_price","33.44","38.32","39.74","37.96","43.37","43.6","50.02","50.77","46.41","58.75","55.69","54.75","53.1","45.92","59.18","61.36","59.37","60.57","61.36","55.42","53.13","45.23","40.12","31.2","41.26","43.62","48.43","51.27","56.87","51.32","51.94","54.83","49.1","51.49","54.75","50.81","57.94","60.65","63.75","60.41","70.56","71.25","64.79000000000001","56.64","61.75","59.59","61.82","73.61","78.83","81.84999999999999","77.18000000000001","72.42","79.5","75.33","68.73","64.48","55.85","56.67","59.04","75.22","72.59999999999999","80.68000000000001","83.63","73","77.42","86.40000000000001","106.91","110.74","109.74","125.88","152.22","181.17","207.26","261.05","259.62","220.43","228.65","163.38","164.25"
